clock,screen,label,displayed_tiefe,carriage,offset,displayed_spann,klemmdruck,panel,displayed_vol
14:57:46,bohren,,,0.0,,,1687.16277,keine,0
14:57:51,bohren,,,0.0,,,1687.553407,keine,0
14:57:56,bohren,,,0.0,,3.0,1684.818949,keine,0
14:59:15,bohren,,,0.101667,,,1680.521943,keine,0
14:59:26,bohren,,0.0,0.101667,-0.102,,1675.053026,keine,0
14:59:36,bohren,,0.0,0.101667,-0.102,,1674.467071,keine,0
14:59:47,bohren,,0.0,0.101667,-0.102,,1675.053026,keine,0
14:59:57,bohren,,0.0,0.101667,-0.102,,1676.615574,keine,01
15:00:01,bohren,,0.0,0.101667,-0.102,,1676.224937,keine,161
15:00:07,bohren,,0.0,0.101667,-0.102,,1677.396847,keine,961
15:00:16,bohren,,0.0,0.101667,-0.102,,1723.492004,keine,2411
15:00:56,bohren,,1.08,3.068333,-1.988,,1916.271325,keine,880
15:01:01,bohren,,1.11,3.160833,-2.051,,1893.028428,keine,9591
15:01:06,bohren,,1.13,3.343333,-2.213,,1759.039964,keine,10471
15:01:11,bohren,,1.4,3.959167,-2.559,,1757.868053,keine,11291
15:01:16,bohren,,1.44,4.089167,-2.649,,1967.835398,keine,12101
15:01:21,bohren,,1.49,4.213333,-2.723,,1885.411008,keine,12881
15:01:26,bohren,,1.54,4.3625,-2.822,,1830.721839,keine,13641
15:01:31,bohren,,1.62,4.556667,-2.937,,1799.275567,keine,1446
15:01:37,bohren,,1.68,4.799167,-3.119,,1772.321619,keine,15291
15:01:39,bohren,,1.74,4.898333,-3.158,,1768.805887,keine,15781
15:01:46,bohren,,1.88,5.278333,-3.398,,1757.868053,keine,16831
15:01:51,bohren,,1.92,5.393333,-3.473,,1755.71955,keine,17621
15:01:56,bohren,,2.0,5.633333,-3.633,,1744.586398,keine,18451
15:02:01,bohren,,2.06,5.7725,-3.712,,1738.726844,keine,19241
15:02:06,bohren,,2.09,5.859167,-3.769,,1740.094073,keine,19991
15:02:11,bohren,,1.97,5.545,-3.575,,1728.570284,keine,20811
15:02:13,bohren,,1.97,5.545,-3.575,,5292.936872,gruen,21161
15:02:21,bohren,,1.97,-2.420833,4.391,,4268.296228,gelb,21301
15:02:26,bohren,,1.97,-6.445833,8.416,,4110.478912,gruen,21301
15:02:32,bohren,,1.97,-6.445833,8.416,,4031.374935,gelb,21301
15:02:41,bohren,,1.97,-6.445833,8.416,,4006.569491,gelb,21301
15:02:46,bohren,,1.97,-6.445833,8.416,,4000.3193,gruen,21301
15:02:51,bohren,,1.97,-6.445833,8.416,,3992.70188,gelb,21301
15:02:57,bohren,,1.97,-6.445833,8.416,,3980.00618,gruen,21301
15:03:02,bohren,,1.97,-6.445833,8.416,,3972.38876,gelb,21301
15:03:06,bohren,,1.97,-6.445833,8.416,,3966.724525,gruen,21301
15:03:11,bohren,,1.97,-4.626667,6.597,,3971.412168,gelb,21301
15:03:16,bohren,,1.97,-1.859167,3.829,,3937.817392,gelb,21301
15:03:21,bohren,,1.97,-1.62,3.59,3965.55,3964.77134,gruen,21301
15:03:27,bohren,,1.97,-1.62,3.59,,3957.544557,gelb,21341
15:03:32,bohren,,1.97,-1.065,3.035,,3894.652013,gruen,21921
15:03:41,bohren,,1.97,0.038333,1.932,,3840.353481,gelb,23171
15:03:46,bohren,,2.55,1.685833,0.864,,1867.246391,keine,23881
15:03:56,bohren,,3.32,3.845,-0.525,,1742.633213,keine,25131
15:04:01,bohren,,3.74,4.983333,-1.243,,1733.843883,keine,25801
15:04:11,bohren,,4.41,7.215833,-2.806,,1722.124775,keine,27061
15:04:16,bohren,,4.65,7.475,-2.825,,1740.48471,keine,27591
15:04:31,bohren,,4.65,4.795833,-0.146,5064.8,5051.327937,gruen,29651
15:04:36,bohren,,4.65,4.785,-0.135,,4892.33871,gelb,3044
15:04:41,bohren,,4.65,1.6575,2.993,,4824.758522,gruen,3085
15:04:56,bohren,,4.65,-0.584167,5.234,4783.94,4782.960372,gruen,3085
15:05:01,bohren,,4.65,0.845833,3.804,,4782.569735,gelb,3140
15:05:06,bohren,,4.65,1.878333,2.772,4521.23,4521.233634,gruen,3205
15:05:12,bohren,,5.26,4.103333,1.157,,1849.66773,keine,32831
15:05:16,bohren,,6.6,7.144167,-0.544,,1770.368435,keine,33521
15:05:31,bohren,,6.67,4.615833,2.054,,4867.337947,gruen,3558
15:05:41,bohren,,6.67,4.61,2.06,,4636.080889,gruen,37111
15:05:50,bohren,,6.67,-2.980833,9.651,,4615.572451,gruen,37761
15:06:01,bohren,,6.67,-0.815833,7.486,,4609.126942,gruen,37761
15:06:17,bohren,,6.67,-0.815833,7.486,,4584.126179,gelb,37761
15:06:21,bohren,,6.67,-0.790833,7.461,,4579.829173,gelb,37761
15:06:31,bohren,,6.67,1.32,5.35,,4572.993027,gelb,3866
15:06:41,bohren,,7.56,4.601667,2.958,,1847.714545,keine,4001
15:06:45,bohren,,8.38,6.846667,1.533,,1778.962447,keine,4060
15:06:51,bohren,,8.66,7.3475,1.312,5289.23,5367.548524,gruen,41431
15:06:56,bohren,,8.66,5.69,2.97,5239.61,5239.614933,gelb,42141
15:07:01,bohren,,8.66,4.944167,3.716,,4990.193258,gruen,42871
15:07:06,bohren,,8.66,1.764167,6.896,,4844.876324,gelb,4360
15:07:12,bohren,,8.66,5.376667,3.283,,4824.563204,gruen,44391
15:07:16,bohren,,8.66,4.305,4.355,,4803.664129,gruen,4496
15:07:21,bohren,,8.66,4.305,4.355,,4796.046709,gelb,45811
15:07:26,bohren,,8.66,-2.876667,11.537,4795.66,4795.656072,gruen,45811
15:07:31,bohren,,8.66,-3.405833,12.066,,4779.054003,gelb,45811
15:07:36,bohren,,8.66,-1.228333,9.888,,4782.765053,gruen,45811
15:07:41,bohren,,8.66,-1.2,9.86,,4769.874035,gelb,45811
15:07:51,bohren,,8.75,2.155,6.595,,2109.050645,keine,4694
15:07:56,bohren,,9.65,4.576667,5.073,,1823.495056,keine,47571
15:08:17,bohren,,10.67,4.738333,5.932,4651.71,4642.917035,gelb,50321
15:08:21,bohren,,10.67,4.738333,5.932,4588.81,4588.813822,gelb,50971
15:08:24,bohren,,10.67,4.738333,5.932,4572.99,4577.875988,gruen,5142
15:08:31,bohren,,10.67,4.600833,6.069,,4567.719428,gelb,52311
15:08:52,bohren,,10.67,-0.854167,11.524,4544.87,4538.031022,gruen,52311
15:08:56,bohren,,10.67,1.525,9.145,,4526.311914,gelb,52461
15:09:01,bohren,,10.91,2.470833,8.439,,1931.115528,keine,53121
15:09:16,bohren,,12.27,6.328333,5.942,,1726.031144,keine,54301
15:09:36,bohren,,12.68,7.4525,5.228,,1697.514649,keine,55761
15:09:41,bohren,,12.68,6.340833,6.339,,5540.405362,gelb,5640
15:09:56,bohren,,12.68,4.735833,7.944,,4867.142628,gelb,58451
15:10:01,bohren,,12.68,4.646667,8.033,4855.42,4854.25161,gelb,59211
15:10:07,bohren,,12.68,4.330833,8.349,,4851.907788,gruen,59831
15:10:12,bohren,,12.68,-3.7475,16.427,,4838.040178,gelb,59881
15:10:26,bohren,,12.68,-0.7375,13.418,,4825.735115,gelb,59961
15:10:31,bohren,,12.68,1.755833,10.924,,4815.578555,gruen,6075
15:10:51,bohren,,14.18,6.1075,8.072,,1722.515412,keine,63311
15:10:56,bohren,,14.44,6.811667,7.628,,1708.452483,keine,63991
15:11:01,bohren,,14.55,7.1025,7.448,,1705.522706,keine,6464
15:11:08,bohren,,14.67,7.45,7.22,,1709.819712,keine,65431
15:11:16,bohren,,14.67,6.975833,7.694,,5457.199698,gruen,6654
15:11:26,bohren,,14.67,4.990833,9.679,,4761.475341,gelb,67901
15:11:36,bohren,,14.67,4.7575,9.912,,4637.057482,gelb,69321
15:11:40,bohren,,14.67,3.7625,10.907,4640.96,4634.908979,gelb,69591
15:11:46,bohren,,14.67,-3.919167,18.589,,4622.799234,gelb,6963
15:11:56,bohren,,14.67,-0.7175,15.387,,4605.025254,gelb,6964
15:12:01,bohren,,14.67,-0.7175,15.387,,4603.072069,gruen,69961
15:12:06,bohren,,14.67,-0.306667,14.977,,4597.798471,gelb,70701
15:12:16,bohren,,14.85,2.315833,12.534,,1965.491577,keine,72071
15:12:26,bohren,,15.18,3.2425,11.938,,1819.784005,keine,73411
15:12:36,bohren,,15.4,3.841667,11.558,,1752.985092,keine,74711
15:12:41,bohren,,15.48,4.125,11.355,,1730.914106,keine,75351
15:13:01,bohren,,15.94,5.345833,10.594,,1708.647801,keine,78091
15:13:06,bohren,,16.12,5.834167,10.286,,1704.546113,keine,78801
15:13:16,bohren,,16.29,6.345,9.945,,1698.295923,keine,8005
15:13:26,bohren,,16.37,6.525833,9.844,,1703.374203,keine,81521
15:13:36,bohren,,16.48,6.824167,9.656,,1702.202292,keine,82851
15:13:41,bohren,,16.48,6.833333,9.647,,1700.053789,keine,83541
15:13:46,bohren,,16.49,6.853333,9.637,,1702.788247,keine,84261
15:13:50,bohren,,16.52,6.966667,9.553,,1700.053789,keine,84711
15:13:56,bohren,,16.68,7.380833,9.299,,1698.295923,keine,85591
15:14:01,bohren,,16.68,7.380833,9.299,,1697.31933,keine,86231
15:14:11,bohren,,16.72,7.490833,9.229,,1703.569521,keine,87601
15:14:16,bohren,,16.72,7.490833,9.229,,1745.758309,keine,88251
15:14:21,bohren,,16.72,6.115,10.605,,5429.855113,gelb,8894
15:14:26,bohren,,16.72,5.320833,11.399,,5056.601535,gruen,89611
15:14:30,bohren,,16.72,5.320833,11.399,,4891.557436,gelb,90151
15:14:36,bohren,,16.72,5.320833,11.399,,4715.380184,gelb,90971
15:14:41,bohren,,16.72,5.320833,11.399,4697.41,4697.410886,gruen,91781
15:14:46,bohren,,16.72,5.320833,11.399,,4697.020249,gelb,91951
15:14:51,bohren,,16.72,5.0125,11.707,,4684.910504,gruen,9244
15:14:56,bohren,,16.72,5.0125,11.707,,4678.269677,gelb,92971
15:15:01,bohren,,16.72,5.0125,11.707,,4668.308435,gelb,93711
15:15:16,bohren,,16.72,-3.153333,19.873,4662.64,4662.6442,gelb,9494
15:15:41,bohren,,16.88,2.436667,14.443,,1801.228751,keine,96771
15:15:46,bohren,,16.92,2.639167,14.281,,1751.813181,keine,9734
15:15:56,bohren,,17.08,2.98,14.1,,1722.320093,keine,98611
15:16:01,bohren,,17.13,3.148333,13.982,,1711.186941,keine,99121
15:16:11,bohren,,17.28,3.5175,13.763,,1713.140126,keine,10042
15:16:16,bohren,,17.3,3.5875,13.713,,1711.772897,keine,10106
15:16:21,bohren,,17.38,3.7975,13.582,,1706.694617,keine,101741
15:16:26,bohren,,17.42,3.938333,13.482,,1698.881878,keine,10234
15:16:31,bohren,,17.47,4.090833,13.379,,1695.366146,keine,10293
15:16:34,bohren,,17.5,4.16,13.34,,1696.928694,keine,10341
15:16:41,bohren,,17.57,4.3325,13.238,,1694.389554,keine,10430
15:16:46,bohren,,17.59,4.370833,13.219,,1694.975509,keine,10481
15:16:51,bohren,,17.61,4.439167,13.171,,1695.952101,keine,105511
15:16:56,bohren,,17.63,4.475833,13.154,,1696.14742,keine,10622
15:17:01,bohren,,17.63,4.4975,13.133,,1695.366146,keine,10688
15:17:06,bohren,,17.064,4.498333,12.566,,1696.928694,keine,10745
15:17:16,bohren,,17.68,4.618333,13.062,,1694.389554,keine,10876
15:17:26,bohren,,17.71,4.700833,13.009,,1694.389554,keine,10992
15:17:36,bohren,,17.71,4.7125,12.998,,1698.491241,keine,110101
15:17:41,bohren,,17.71,4.73,12.98,,1694.584872,keine,11054
15:17:45,bohren,,17.72,4.748333,12.972,,1694.78019,keine,11105
15:17:56,bohren,,17.78,4.905833,12.874,,1693.803598,keine,112531
15:18:01,bohren,,17.81,4.9725,12.837,,1692.436369,keine,113121
15:18:06,bohren,,17.84,5.0725,12.768,,1690.873821,keine,113811
15:18:10,bohren,,17.86,5.211667,12.648,,1690.873821,keine,11432
15:18:21,bohren,,18.04,5.625,12.415,,1690.092547,keine,115711
15:18:26,bohren,,18.14,5.898333,12.242,,1693.217643,keine,116271
15:18:31,bohren,,18.19,6.02,12.17,,1692.827006,keine,11662
15:18:41,bohren,,18.33,6.416667,11.913,,1694.194235,keine,11796
15:18:46,bohren,,18.4,6.616667,11.783,,1691.850414,keine,118511
15:18:52,bohren,,18.5,7.025833,11.474,,1689.115955,keine,119231
15:18:56,bohren,,18.69,7.471667,11.218,,1686.381497,keine,119701
15:19:01,bohren,,18.73,7.516667,11.213,,1689.311274,keine,12036
15:19:11,bohren,,18.73,7.516667,11.213,,1689.311274,keine,121721
15:19:16,bohren,,18.73,7.516667,11.213,,1692.827006,keine,122321
15:19:21,bohren,,18.73,7.516667,11.213,,1696.928694,keine,12268
15:19:26,bohren,,18.73,6.3,12.43,4589.99,4559.125416,gruen,123171
15:19:31,bohren,,18.73,5.158333,13.572,,4298.961226,gelb,12384
15:19:36,bohren,,18.73,4.898333,13.832,4262.63,4262.631993,gruen,124591
15:19:41,bohren,,18.73,2.904167,15.826,4249.55,4250.131611,gruen,125301
15:19:51,bohren,,18.73,1.704167,17.026,4233.92,4234.115497,gruen,126591
15:19:56,bohren,,18.73,4.228333,14.502,,4224.740211,gelb,127321
15:20:01,bohren,,18.73,4.5475,14.183,,4212.630467,gruen,12805
15:20:11,bohren,,18.73,-5.859167,24.589,,4203.450499,gelb,128221
15:20:16,bohren,,18.73,-4.5025,23.233,,4202.864544,gruen,128221
15:20:21,bohren,,18.73,-0.8725,19.602,,4192.122028,rot,128221
15:20:31,bohren,,18.73,1.521667,17.208,,4189.38757,gruen,128541
15:20:36,bohren,,18.85,2.213333,16.637,,1921.154286,keine,129241
15:20:56,bohren,,19.23,3.2675,15.963,,1697.514649,keine,13183
15:21:01,bohren,,19.3,3.46,15.84,,1690.483184,keine,132441
15:21:06,bohren,,19.46,3.900833,15.559,,1687.553407,keine,133121
15:21:16,bohren,,19.62,4.334167,15.286,,1683.256401,keine,134371
15:21:26,bohren,,19.72,4.6875,15.032,,1681.498535,keine,13556
15:21:36,bohren,,20.02,5.461667,14.558,,1684.62363,keine,136991
15:21:41,bohren,,20.26,6.0925,14.168,,1684.62363,keine,13755
15:22:01,bohren,,20.52,6.794167,13.726,,1684.428312,keine,14012
15:22:16,bohren,,20.76,7.48,13.28,,1675.443663,keine,14209
15:22:26,bohren,,20.76,4.696667,16.063,5043.71,5043.710517,gelb,143391
15:22:28,bohren,,20.76,3.909167,16.851,,4941.558962,gelb,14365
15:22:36,bohren,,20.76,0.401667,20.358,4689.4,4689.402829,gelb,14469
15:22:56,bohren,,20.76,4.618333,16.142,,4668.308435,rot,14740
15:23:02,bohren,,20.76,4.749167,16.011,,4650.729774,gelb,14807
15:23:06,bohren,,20.76,4.749167,16.011,4645.65,4645.651494,gruen,14873
15:23:16,bohren,,20.76,0.225833,20.534,,4648.971908,gelb,14975
15:23:26,bohren,,20.76,-0.945,21.705,4631.98,4638.620029,gelb,14975
15:23:36,bohren,,20.76,1.145,19.615,,4626.900922,gelb,150121
15:23:41,bohren,,20.76,1.943333,18.817,,1969.593265,keine,15078
15:23:46,bohren,,20.93,2.41,18.52,,1808.064898,keine,15146
15:23:56,bohren,,21.19,3.19,18.0,,1714.897992,keine,152741
15:24:01,bohren,,21.27,3.361667,17.908,,1693.217643,keine,15342
15:24:06,bohren,,21.33,3.6575,17.672,,1686.381497,keine,15415
15:24:11,bohren,,21.5,3.9775,17.523,,1683.45172,keine,154771
15:24:16,bohren,,21.5,3.9775,17.523,,1680.717261,keine,15546
15:24:21,bohren,,21.52,4.0475,17.473,,1677.592166,keine,15613
15:24:26,bohren,,21.59,4.268333,17.322,,1682.670446,keine,15678
15:24:31,bohren,,21.78,4.7625,17.018,,1684.62363,keine,15745
15:24:46,bohren,,22.21,5.955833,16.254,,1682.279809,keine,15944
15:24:51,bohren,,22.54,6.308333,16.232,,1680.521943,keine,160111
15:24:56,bohren,,22.6,7.026667,15.573,,1685.014267,keine,16075
15:25:01,bohren,,22.66,7.174167,15.486,,1681.303217,keine,161411
15:25:06,bohren,,22.73,7.3825,15.348,,1681.693854,keine,162121
15:25:16,bohren,,22.77,7.4825,15.287,,1683.647038,keine,16342
15:25:36,bohren,,22.77,5.505,17.265,,5089.805673,gruen,16607
15:25:41,bohren,,22.77,4.59,18.18,,4765.967666,gelb,16672
15:25:46,bohren,,22.77,4.59,18.18,,4631.197928,gruen,167371
15:25:56,bohren,,22.77,4.59,18.18,,4606.587802,gruen,16870
15:26:01,bohren,,22.77,4.59,18.18,,4598.970382,gelb,169391
15:26:06,bohren,,22.77,4.59,18.18,,4591.54828,gelb,16996
15:26:11,bohren,,22.77,4.51,18.26,4585.88,4585.884045,gruen,17075
15:26:16,bohren,,22.77,4.49,18.28,4579.44,4579.438536,gelb,171391
15:26:21,bohren,,22.77,4.49,18.28,4571.24,4571.23516,gruen,172101
15:26:27,bohren,,22.77,4.481667,18.288,,4583.540223,gelb,172771
15:26:31,bohren,,22.77,-2.029167,24.799,,4579.829173,gruen,172911
15:26:36,bohren,,22.77,-3.3875,26.157,,4566.352199,gelb,172911
15:26:41,bohren,,22.77,-1.115,23.885,,4571.821116,gruen,172911
15:26:47,bohren,,22.77,-0.931667,23.702,4554.44,4553.46118,gruen,172911
15:26:51,bohren,,22.77,-0.931667,23.702,,4551.117359,gelb,17306
15:27:01,bohren,,22.8,2.021667,20.778,,2045.767464,keine,174311
15:27:06,bohren,,23.18,3.038333,20.142,,1845.175405,keine,17496
15:27:16,bohren,,23.52,3.983333,19.537,,1743.02385,keine,176191
15:27:26,bohren,,23.98,5.228333,18.752,,1712.358852,keine,17745
15:27:30,bohren,,24.03,5.3725,18.658,,1705.718024,keine,17802
15:27:41,bohren,,24.22,5.865833,18.354,,1697.31933,keine,17942
15:27:46,bohren,,24.27,6.03,18.24,,1697.514649,keine,18007
15:28:01,bohren,,24.53,6.761667,17.768,,1687.16277,keine,181211
15:28:11,bohren,,24.8,7.4875,17.312,,1680.326624,keine,182491
15:28:16,bohren,,24.8,7.4875,17.312,,1678.764077,keine,183171
15:28:21,bohren,,24.8,7.4875,17.312,,1680.326624,keine,183811
15:28:31,bohren,,24.8,4.4275,20.373,,4591.743599,gelb,185201
15:28:36,bohren,,24.8,1.873333,22.927,4311.46,4311.461608,gruen,185841
15:28:41,bohren,,24.8,-1.011667,25.812,4244.47,4246.42056,gelb,18656
15:28:50,bohren,,24.8,-6.558333,31.358,,4227.47467,gruen,18760
15:28:56,bohren,,24.8,2.180833,22.619,4231.77,4235.482727,gruen,18846
15:29:02,bohren,,24.8,4.3775,20.422,4232.16,4229.232536,gruen,18916
15:29:11,bohren,,24.8,3.461667,21.338,,4226.10744,gruen,19051
15:29:14,bohren,,24.8,-1.221667,26.022,,4220.833842,gelb,19089
15:29:21,bohren,,24.8,4.9875,19.812,,4214.77897,gelb,19184
15:29:26,bohren,,24.8,4.278333,20.522,4199.54,4199.348811,gruen,192521
15:29:31,bohren,,24.8,4.278333,20.522,,4190.168844,gelb,19320
15:29:37,bohren,,24.8,-3.568333,28.368,,4203.255181,gruen,193411
15:29:41,bohren,,24.8,-3.805,28.605,,4191.340754,gelb,193411
15:29:52,bohren,,24.8,-1.1975,25.998,,4173.957411,gelb,193411
15:29:56,bohren,,24.8,-0.611667,25.412,,4182.551424,gelb,19375
15:30:01,bohren,,24.8,1.815833,22.984,,4171.808908,gruen,19441
15:30:11,bohren,,25.04,2.510833,22.529,,1771.345027,keine,19568
15:30:16,bohren,,25.1,2.658333,22.442,,1726.031144,keine,196341
15:30:21,bohren,,25.16,2.8625,22.297,,1706.499298,keine,19691
15:30:26,bohren,,25.25,3.064167,22.186,,1698.68656,keine,19768
15:30:36,bohren,,25.42,3.589167,21.831,,1686.967452,keine,198971
15:30:41,bohren,,25.52,3.796667,21.723,,1680.91258,keine,199611
15:31:56,bohren,,26.82,7.395833,19.424,,1660.208823,keine,20968
15:32:01,bohren,,26.84,7.4675,19.372,,1666.263695,keine,21033
15:32:06,bohren,,26.84,7.4675,19.372,,1657.865001,keine,21097
15:32:16,bohren,,26.84,6.405833,20.434,4996.44,4996.443449,gruen,21185
15:32:26,bohren,,26.84,4.8175,22.023,,4577.875988,gruen,213151
15:32:34,bohren,,26.84,4.658333,22.182,,4492.912458,gelb,214271
15:32:34,bohren,,26.84,4.658333,22.182,,4492.912458,gelb,214271
15:32:34,bohren,,26.84,4.658333,22.182,,4492.912458,gelb,214271
15:32:34,bohren,,26.84,4.658333,22.182,,4492.912458,gelb,214271
15:33:41,bohren,,26.95,2.25,24.7,,1873.105945,keine,21946
15:33:46,bohren,,27.06,2.55,24.51,,1735.797067,keine,220101
15:33:56,bohren,,27.16,2.823333,24.337,,1695.170827,keine,22145
15:34:01,bohren,,27.16,2.835,24.325,,1674.662389,keine,222131
15:34:06,bohren,,27.16,2.835,24.325,,1667.826243,keine,222801
15:34:16,bohren,,27.2,2.948333,24.252,,1667.044969,keine,224201
15:34:21,bohren,,27.23,3.014167,24.216,,1669.974746,keine,22488
15:34:25,bohren,,27.26,3.234167,24.026,,1661.576052,keine,225291
15:34:31,bohren,,27.36,3.3825,23.977,,1661.185415,keine,226221
15:34:36,bohren,,27.36,3.391667,23.968,,1659.036912,keine,226891
15:34:46,bohren,,27.37,3.41,23.96,,1661.185415,keine,22808
15:35:01,bohren,,27.47,3.671667,23.798,,1662.552644,keine,23006
15:35:06,bohren,,27.49,3.745833,23.744,,1662.357326,keine,230701
15:35:16,bohren,,27.51,3.7875,23.723,,1662.943281,keine,232071
15:35:36,bohren,,27.56,3.920833,23.639,,1660.208823,keine,234711
15:36:01,bohren,,27.82,4.645833,23.174,,1679.545351,keine,238101
15:36:11,bohren,,27.84,4.689167,23.151,,1681.498535,keine,23945
15:36:16,bohren,,27.84,4.718333,23.122,,1684.62363,keine,239991
15:36:17,bohren,,27.85,4.739167,23.111,,1685.014267,keine,24013
15:36:22,bohren,,27.87,4.791667,23.078,,1686.576815,keine,24087
15:36:31,bohren,,27.89,4.836667,23.053,,1688.334681,keine,24212
15:36:36,bohren,,27.9,4.854167,23.046,,1687.553407,keine,242731
15:36:40,bohren,,27.9,4.866667,23.033,,1687.553407,keine,243211
15:36:56,bohren,,27.92,4.9475,22.973,,1690.092547,keine,24543
15:37:05,bohren,,27.99,5.145833,22.844,,1697.514649,keine,24665
15:37:16,bohren,,28.23,5.785833,22.444,,1699.467833,keine,24818
15:37:26,bohren,,28.37,6.154167,22.216,,1697.31933,keine,249491
15:37:36,bohren,,28.45,6.375,22.075,,1676.810892,keine,250791
15:37:41,bohren,,28.46,6.4375,22.023,,1676.224937,keine,251501
15:37:46,bohren,,28.53,6.590833,21.939,,1680.521943,keine,252171
15:37:56,bohren,,28.8,7.370833,21.429,,1658.06032,keine,25338
15:38:01,bohren,,28.84,7.448333,21.392,,1663.529237,keine,25416
15:38:11,bohren,,28.84,7.471667,21.368,,1667.826243,keine,255211
15:38:16,bohren,,28.84,7.471667,21.368,,1666.263695,keine,25546
15:38:21,bohren,,28.84,7.471667,21.368,4839.6,4839.602725,gruen,25608
15:38:26,bohren,,28.84,5.698333,23.142,,5017.147206,gelb,25678
15:38:31,bohren,,28.84,3.465,25.375,4706.2,4720.263146,gruen,25745
15:38:41,bohren,,28.84,-1.493333,30.333,,4516.74131,gelb,25880
15:38:45,bohren,,28.84,-3.413333,32.253,4509.91,4509.319208,gruen,259201
15:38:51,bohren,,28.84,-4.583333,33.423,,4494.865642,gelb,26007
15:38:56,bohren,,28.84,0.775,28.065,,4498.576693,gruen,260771
15:39:02,bohren,,28.84,4.6225,24.218,4491.35,4488.420133,gruen,261471
15:39:10,bohren,,28.84,4.384167,24.456,,4473.380612,gelb,26263
15:39:16,bohren,,28.84,-1.811667,30.652,,4477.677618,gelb,262891
15:39:26,bohren,,28.84,-1.1125,29.953,4461.86,4463.028733,gruen,262891
15:39:31,bohren,,28.84,-1.1125,29.953,4456.19,4456.192587,gruen,262891
15:39:36,bohren,,28.84,1.59,27.25,4452.29,4457.169179,gruen,263471
15:39:42,bohren,,28.85,2.131667,26.718,,1811.775948,keine,264201
15:39:51,bohren,,28.91,0.735,28.175,4924.57,4938.433866,gruen,26489
15:39:56,bohren,,28.91,-0.679167,29.589,,4661.667608,gelb,26489
15:40:01,bohren,,28.91,-0.683333,29.593,4671.63,4671.628849,gruen,264891
15:40:56,bohren,,28.91,-3.838333,32.748,,4591.938917,gruen,26489
15:41:02,bohren,,28.91,-3.838333,32.748,,4588.227866,gelb,264891
15:41:06,bohren,,28.91,-3.838333,32.748,4583.54,4583.540223,gruen,26489
15:41:11,bohren,,28.91,-3.838333,32.748,,4581.782357,gelb,26489
15:41:16,bohren,,28.91,-3.395,32.305,4583.93,4585.884045,gruen,26489
15:41:21,bohren,,28.91,-0.596667,29.507,,4574.555574,gelb,26489
15:41:31,bohren,,28.91,1.805833,27.104,4576.51,4576.508759,gruen,26562
15:41:36,bohren,,28.97,2.16,26.81,,1891.856517,keine,26624
15:41:41,bohren,,29.03,2.295,26.735,,1785.993912,keine,26690
15:41:45,bohren,,29.1,2.46,26.64,,1740.875347,keine,26746
15:41:51,bohren,,29.18,2.728333,26.452,,1703.178884,keine,26822
15:41:56,bohren,,29.23,2.8575,26.373,,1688.725318,keine,26887
15:42:01,bohren,,29.27,2.966667,26.303,,1682.475127,keine,269491
15:42:16,bohren,,29.33,3.126667,26.203,,1668.021561,keine,271321
15:42:21,bohren,,29.34,3.1675,26.172,,1665.67774,keine,27198
15:42:31,bohren,,29.37,3.2475,26.123,,1656.888409,keine,273371
15:42:41,bohren,,29.37,3.2475,26.123,,1670.170064,keine,27465
15:42:56,bohren,,29.37,3.2475,26.123,,1657.669683,keine,276501
15:43:01,bohren,,29.37,3.249167,26.121,,1653.567995,keine,277201
15:43:11,bohren,,29.41,3.3525,26.058,,1662.552644,keine,27853
15:43:16,bohren,,29.46,3.486667,25.973,,1661.380734,keine,279191
15:43:21,bohren,,29.46,3.495,25.965,,1659.232231,keine,279901
15:43:26,bohren,,29.46,3.495,25.965,,1663.919874,keine,28045
15:43:32,bohren,,29.46,3.495,25.965,,1661.576052,keine,281231
15:43:36,bohren,,29.46,3.495,25.965,,1658.06032,keine,28184
15:43:41,bohren,,29.46,3.495,25.965,,1662.747963,keine,282501
15:43:51,bohren,,29.46,3.495,25.965,,1664.115192,keine,28383
15:43:57,bohren,,29.46,3.495,25.965,,1660.404141,keine,284511
15:44:11,bohren,,29.46,3.495,25.965,,1665.287103,keine,28632
15:44:16,bohren,,29.46,3.495,25.965,,1661.185415,keine,28700
15:44:21,bohren,,29.46,3.495833,25.964,,1668.802835,keine,28756
15:44:26,bohren,,29.5,3.6075,25.892,,1661.576052,keine,288311
15:44:31,bohren,,29.52,3.649167,25.871,,1662.747963,keine,28890
15:44:41,bohren,,29.53,3.685833,25.844,,1661.576052,keine,29025
15:44:51,bohren,,29.53,3.685833,25.844,,1667.630924,keine,29158
15:44:56,bohren,,29.53,3.685833,25.844,,1668.021561,keine,292211
15:45:02,bohren,,29.53,3.685833,25.844,,1663.724555,keine,29290
15:45:06,bohren,,29.53,3.685833,25.844,,1657.474364,keine,29345
15:45:16,bohren,,29.7,4.135833,25.564,,1671.537294,keine,29483
15:45:25,bohren,,29.71,4.1875,25.523,,1667.240287,keine,295911
15:45:31,bohren,,29.82,4.524167,25.296,,1669.193472,keine,29675
15:45:36,bohren,,29.88,4.6475,25.232,,1663.1386,keine,29743
15:45:41,bohren,,29.89,4.6625,25.227,,1663.919874,keine,29810
15:45:45,bohren,,29.91,4.761667,25.148,,1653.958632,keine,29855
15:45:56,bohren,,30.02,5.020833,24.999,,1653.177358,keine,30018
15:46:01,bohren,,30.16,5.431667,24.728,,1649.466308,keine,30087
15:46:17,bohren,,30.8,7.269167,23.531,,1651.810129,keine,30275
15:46:21,bohren,,30.91,7.480833,23.429,,1650.247581,keine,30343
15:46:25,bohren,,30.91,7.480833,23.429,,1651.028855,keine,30398
15:46:41,bohren,,30.91,3.573333,27.337,,4894.096576,gelb,30602
15:46:45,bohren,,30.91,1.49,29.42,4747.02,4734.326075,gruen,30650
15:46:49,bohren,,30.91,-0.975,31.885,4734.33,4614.595859,gruen,30698
15:46:56,bohren,,30.91,-5.931667,36.842,4596.82,4596.821879,gruen,30794
15:47:01,bohren,,30.91,-0.788333,31.698,,4596.040605,gelb,30861
15:47:06,bohren,,30.91,5.575833,25.334,,4595.845286,gelb,30916
15:47:11,bohren,,30.91,4.703333,26.207,,4581.196402,gruen,30954
15:47:16,bohren,,30.91,4.5625,26.348,4575.14,4575.14153,gelb,310121
15:47:21,bohren,,30.91,4.5625,26.348,4568.11,4568.110065,gruen,31082
15:47:31,bohren,,30.91,4.5625,26.348,,4560.492645,gruen,31215
15:47:36,bohren,,30.91,0.790833,30.119,4565.18,4565.766243,gruen,31242
15:47:41,bohren,,30.91,-3.341667,34.252,,4561.859874,gelb,31242
15:47:51,bohren,,30.91,-0.910833,31.821,,4552.679907,gelb,312421
15:48:17,bohren,,31.7,4.240833,27.459,,1724.663915,keine,315511
15:48:26,bohren,,32.54,6.44,26.1,,1694.194235,keine,31665
15:48:41,bohren,,32.95,7.475,25.475,,1670.951338,keine,31857
15:48:55,bohren,,32.95,2.355833,30.594,4268.88,4268.882183,gruen,32040
15:49:01,bohren,,32.95,-0.979167,33.929,,4165.558718,gruen,321221
15:49:11,bohren,,32.95,-6.690833,39.641,,4150.714515,gruen,32258
15:49:16,bohren,,32.95,0.275,32.675,,4152.081744,gelb,32324
15:49:21,bohren,,32.95,5.098333,27.852,,4141.729865,gruen,32388
15:49:26,bohren,,32.95,4.0725,28.878,,4128.057573,gruen,324511
15:49:31,bohren,,32.95,4.0725,28.878,,4122.002701,gelb,32516
15:49:36,bohren,,32.95,4.0725,28.878,,4119.658879,gruen,325811
15:49:51,bohren,,32.95,-2.189167,35.139,,4134.503082,gruen,327161
15:49:56,bohren,,32.95,-2.1125,35.062,,4127.080981,gelb,32716
15:50:01,bohren,,32.95,-1.285,34.235,4109.7,4109.697638,gruen,327161
15:50:16,bohren,,33.1,2.358333,30.742,,1900.645848,keine,32852
15:50:26,bohren,,33.29,2.8625,30.427,,1772.712256,keine,32975
15:50:56,bohren,,34.26,5.509167,28.751,,1668.412198,keine,333411
15:51:01,bohren,,34.41,5.929167,28.481,,1665.287103,keine,33400
15:51:06,bohren,,34.54,6.274167,28.266,,1660.013504,keine,33445
15:51:10,bohren,,34.62,6.499167,28.121,,1658.255638,keine,33490
15:51:16,bohren,,34.75,6.8675,27.883,,1653.763314,keine,335491
15:51:26,bohren,,34.97,7.483333,27.487,,1649.075671,keine,33654
15:51:41,bohren,,34.97,3.101667,31.868,,4055.985061,gelb,33828
15:51:46,bohren,,34.97,0.921667,34.048,,3916.722999,gruen,338871
15:51:56,bohren,,34.97,-3.890833,38.861,,3900.12093,gruen,34013
15:52:01,bohren,,34.97,-6.4325,41.402,,3892.698828,gelb,340791
15:52:06,bohren,,34.97,2.405,32.565,,3898.167745,gruen,34145
15:52:16,bohren,,34.97,-1.408333,36.378,,3887.229911,gelb,34269
15:52:26,bohren,,34.97,5.824167,29.146,3875.71,3877.463988,gelb,34403
15:52:36,bohren,,34.97,1.6925,33.277,3868.28,3868.869976,gruen,34532
15:52:46,bohren,,34.97,4.22,30.75,3852.07,3853.049181,gruen,34660
15:52:56,bohren,,34.97,-0.771667,35.742,,3858.322779,gruen,34742
15:53:01,bohren,,34.97,-3.434167,38.404,,3852.463225,gelb,34742
15:53:06,bohren,,34.97,-1.315833,36.286,,3854.221091,gelb,34742
15:53:16,bohren,,34.97,1.423333,33.547,3846.8,3837.033067,gelb,34802
15:53:26,bohren,,35.45,3.195833,32.254,,1728.960921,keine,349211
15:53:41,bohren,,36.66,6.620833,30.039,,1674.076434,keine,35098
15:53:56,bohren,,36.99,3.165,33.825,,4402.284692,gelb,35282
15:54:11,bohren,,36.99,-6.724167,43.714,4188.22,4188.215659,gruen,35472
15:54:16,bohren,,36.99,1.693333,35.297,,4200.716041,gelb,35534
15:54:26,bohren,,36.99,-2.1875,39.178,,4201.692633,gelb,35666
15:54:31,bohren,,36.99,-6.7875,43.778,4191.93,4191.92671,gelb,35733
15:54:41,bohren,,36.99,4.38,32.61,,4171.027635,gelb,35855
15:54:51,bohren,,36.99,4.226667,32.763,,4166.925947,gelb,35993
15:54:56,bohren,,36.99,-1.821667,38.812,,4170.441679,gruen,36006
15:55:01,bohren,,36.99,-3.026667,40.017,,4172.004227,gelb,36006
15:55:16,bohren,,36.99,1.360833,35.629,,4157.550661,gelb,36072
15:55:26,bohren,,37.38,2.9225,34.458,,1815.877636,keine,36194
15:55:29,bohren,,37.66,3.836667,33.823,,1783.65009,keine,36234
15:55:41,bohren,,38.49,6.013333,32.477,,1720.952864,keine,36366
15:55:45,bohren,,38.87,7.430833,31.439,,1688.334681,keine,36407
15:55:56,bohren,,39.02,4.123333,34.897,5098.2,5087.852489,gruen,365371
15:56:01,bohren,,39.02,1.314167,37.706,,4886.869793,gelb,36606
15:56:06,bohren,,39.02,-1.975,40.995,4781.4,4746.826456,gruen,36668
15:56:11,bohren,,39.02,-5.365833,44.386,,4714.794229,rot,36723
15:56:16,bohren,,39.02,-3.445,42.465,,4716.356777,gelb,367741
15:56:21,bohren,,39.02,6.001667,33.018,4719.48,4716.161458,gruen,36849
15:56:26,bohren,,39.02,1.4175,37.603,,4707.372127,gelb,36909
15:56:27,bohren,,39.02,0.293333,38.727,4704.25,4703.661077,gruen,36918
15:56:41,bohren,,39.02,5.718333,33.302,,4686.277734,gruen,37104
15:56:45,bohren,,39.02,2.0,37.02,4689.01,4689.988784,gelb,371501
15:56:51,bohren,,39.02,-4.374167,43.394,,4687.840281,gelb,37235
15:56:56,bohren,,39.02,-2.921667,41.942,4676.71,4676.707129,gruen,37298
15:57:01,bohren,,39.02,6.483333,32.537,,4688.426237,gelb,37358
15:57:06,bohren,,39.02,4.36,34.66,467139.0,4673.777352,gelb,37423
15:57:26,bohren,,39.02,-1.359167,40.379,,4665.964614,gruen,37543
15:57:36,bohren,,39.02,-1.071667,40.092,4647.8,4641.745125,gruen,375811
15:57:41,bohren,,39.02,1.135,37.885,,4647.214042,gelb,37642
15:57:46,bohren,,39.11,2.225,36.885,,1993.812754,keine,37705
15:57:56,bohren,,39.81,4.1075,35.703,,1691.06914,keine,378291
15:58:10,bohren,,41.0,7.316667,33.683,,1665.287103,keine,37994
15:58:16,bohren,,41.03,6.965833,34.064,,5232.38815,gelb,38063
15:58:26,bohren,,41.03,0.825,40.205,,4793.507569,gelb,381911
15:58:27,bohren,,41.03,0.316667,40.713,4778.47,4769.678716,gelb,38196
15:58:41,bohren,,41.03,-0.378333,41.408,,4679.441588,gelb,38380
15:58:44,bohren,,41.03,5.765,35.265,4668.31,4670.847575,gruen,38424
15:58:51,bohren,,41.03,1.243333,39.787,,4670.26162,gelb,38506
15:58:56,bohren,,41.03,-2.2775,43.308,,4665.964614,gruen,38569
15:59:01,bohren,,41.03,-6.098333,47.128,,4657.956557,gruen,38635
15:59:05,bohren,,41.03,-1.190833,42.221,4656.59,4656.589328,gruen,38691
15:59:11,bohren,,41.03,4.38,36.65,4639.79,4639.79194,gruen,38762
15:59:15,bohren,,41.03,0.951667,40.078,4634.71,4634.71366,gruen,38818
15:59:21,bohren,,41.03,-5.68,46.71,4630.22,4630.807291,gruen,38896
15:59:31,bohren,,41.03,5.561667,35.468,,4623.580508,gelb,39017
15:59:36,bohren,,41.03,4.109167,36.921,4619.09,4612.837992,gruen,39089
15:59:38,bohren,,41.03,4.109167,36.921,,4612.837992,gruen,391211
15:59:51,bohren,,41.03,-3.834167,44.864,4607.96,4608.150349,gruen,39209
15:59:53,bohren,,41.03,-3.763333,44.793,,4607.955031,gelb,39209
16:00:01,bohren,,41.03,-1.335,42.365,,4602.290796,gelb,39209
16:00:11,bohren,,41.03,1.6525,39.377,,4620.260094,gruen,392811
16:00:31,bohren,,42.39,5.59,36.8,,1754.742958,keine,39530
16:00:51,bohren,,43.09,7.4575,35.633,,2264.133503,keine,39776
16:01:07,bohren,,43.02,0.12,42.9,,4578.657262,gruen,39963
16:01:11,bohren,,43.02,-2.316667,45.337,,4530.218284,gelb,40021
16:01:16,bohren,,43.02,-5.121667,48.142,,4519.28045,gruen,40085
16:01:21,bohren,,43.02,-6.650833,49.671,,4505.217521,gelb,40147
16:01:31,bohren,,43.02,5.7275,37.293,,4489.396725,gruen,40267
16:01:41,bohren,,43.02,-1.654167,44.674,,4475.529115,gelb,40397
16:01:51,bohren,,43.02,0.8225,42.198,,4464.591281,gelb,40524
16:01:55,bohren,,43.02,4.645,38.375,,4459.903638,gelb,40574
16:02:01,bohren,,43.02,-3.485833,46.506,,4455.020676,gelb,40653
16:02:06,bohren,,43.02,-1.39,44.41,4455.8,4455.80195,gruen,40717
16:02:11,bohren,,43.02,5.195833,37.824,4463.42,4463.41937,gruen,40775
16:02:16,bohren,,43.02,-1.686667,44.707,,4449.356441,gelb,40841
16:02:21,bohren,,43.02,-4.566667,47.587,,4453.458129,gruen,40899
16:02:31,bohren,,43.02,-2.095,45.115,4436.86,4436.856059,gruen,41044
16:02:41,bohren,,43.02,5.593333,37.427,,4428.457366,gelb,41165
16:02:51,bohren,,43.02,4.8225,38.198,,4417.128895,gelb,41294
16:02:56,bohren,,43.02,4.8225,38.198,,4415.566347,gruen,413571
16:03:01,bohren,,43.02,4.8225,38.198,,4413.417844,gelb,41422
16:03:11,bohren,,43.02,4.8225,38.198,4409.51,4410.878704,gruen,415391
16:03:16,bohren,,43.02,4.8225,38.198,,4402.284692,gelb,41606
16:03:26,bohren,,43.02,4.8225,38.198,4398.77,4398.76896,gelb,417391
16:03:41,bohren,,43.02,4.8225,38.198,,4391.346858,gruen,41863
16:03:45,bohren,,43.02,4.8225,38.198,,4389.003037,gelb,41863
16:03:51,bohren,,43.02,4.8225,38.198,,4385.291986,gruen,01
16:03:55,verpressen,Austausch 1,43.02,4.8225,38.198,4383.53,4385.487304,gruen,01
16:04:01,verpressen,Austausch 1,43.02,4.8225,38.198,4388.42,4389.393674,gelb,51
16:04:05,verpressen,Austausch 1,43.02,6.1825,36.838,,4379.237114,gelb,101
16:04:11,verpressen,Austausch 1,43.02,6.1825,36.838,,4375.526063,gelb,191
16:04:15,verpressen,Austausch 1,43.02,6.1825,36.838,,4373.572878,gelb,271
16:04:21,verpressen,Austausch 1,43.02,6.1825,36.838,,4372.400967,gelb,351
16:04:26,verpressen,Austausch 1,43.02,6.1825,36.838,4370.45,4367.908643,gruen,431
16:04:30,verpressen,Austausch 1,43.02,6.1825,36.838,4367.13,4367.127369,gruen,501
16:04:36,verpressen,Austausch 1,43.02,6.1825,36.838,4363.61,4363.611637,gruen,591
16:04:41,verpressen,Austausch 1,43.02,6.1825,36.838,4362.24,4361.463134,gruen,66
16:04:46,verpressen,Austausch 1,43.02,6.1825,36.838,4356.58,4359.900586,gelb,751
16:04:49,verpressen,Austausch 1,43.02,6.1825,36.838,,4357.556764,gelb,781
16:04:56,verpressen,Austausch 1,43.02,6.1825,36.838,,4351.111255,gelb,90
16:05:00,verpressen,Austausch 1,43.02,6.1825,36.838,4349.94,4349.939344,gruen,961
16:05:05,verpressen,Austausch 1,43.02,6.1825,36.838,4346.62,4347.595523,gruen,104
16:05:11,verpressen,Austausch 1,43.02,6.1825,36.838,4344.28,4344.861064,gruen,1121
16:05:15,verpressen,Austausch 1,43.02,6.1825,36.838,,4341.931288,gelb,1201
16:05:21,verpressen,Austausch 1,43.02,6.1825,36.838,4334.9,4334.899823,gruen,1281
16:05:25,verpressen,Austausch 1,43.02,6.1825,36.838,4337.24,4336.267052,gruen,1341
16:05:29,verpressen,Austausch 1,43.02,6.1825,36.838,4333.92,4333.532594,gruen,140
16:05:35,verpressen,Austausch 1,43.02,6.1825,36.838,4329.82,4331.188772,gelb,148
16:05:41,verpressen,Austausch 1,43.02,6.1825,36.838,4327.28,4326.891766,gelb,1571
16:05:45,verpressen,Austausch 1,43.02,6.1825,36.838,4326.11,4324.743263,gruen,164
16:05:51,verpressen,Austausch 1,43.02,6.1825,36.838,4321.62,4321.618168,gelb,1731
16:05:55,verpressen,Austausch 1,43.02,6.1825,36.838,,4322.204123,gelb,1791
16:06:01,verpressen,Austausch 1,43.02,6.1825,36.838,,4316.930525,gelb,1871
16:06:05,verpressen,Austausch 1,43.02,6.1825,36.838,4317.32,4317.321162,gelb,1951
16:06:10,verpressen,Austausch 1,43.02,6.1825,36.838,4315.95,4315.758614,gruen,2011
16:06:16,verpressen,Austausch 1,43.02,6.1825,36.838,4315.95,4316.735206,gruen,2111
16:06:20,verpressen,Austausch 1,43.02,6.1825,36.838,4314.0,4314.000748,gruen,2171
16:06:26,verpressen,Austausch 1,43.02,6.1825,36.838,4310.49,4310.485015,gelb,2261
16:06:31,verpressen,Austausch 1,43.02,6.1825,36.838,,4310.680334,gelb,2331
16:06:36,verpressen,Austausch 1,43.02,6.1825,36.838,4308.73,4308.727149,gelb,242
16:06:41,verpressen,Austausch 1,43.02,6.1825,36.838,4307.95,4308.531831,gruen,248
16:06:46,verpressen,Austausch 1,43.02,6.1825,36.838,,4307.164602,gelb,2551
16:06:50,verpressen,Austausch 1,43.02,6.1825,36.838,4306.97,4306.969283,gruen,2631
16:06:55,verpressen,Austausch 1,43.02,6.1825,36.838,,4305.406735,gelb,2701
16:07:01,verpressen,Austausch 1,43.02,6.1825,36.838,4300.72,4300.719092,gruen,2791
16:07:05,verpressen,Austausch 1,43.02,6.1825,36.838,,4299.7425,gelb,2851
16:07:10,verpressen,Austausch 1,43.02,6.1825,36.838,,4301.109729,gelb,293
16:07:16,verpressen,Austausch 1,43.02,6.1825,36.838,,4298.961226,gelb,3011
16:07:20,verpressen,Austausch 1,43.02,6.1825,36.838,,4295.836131,gelb,308
16:07:25,verpressen,Austausch 1,43.02,6.1825,36.838,4297.4,4297.398679,gruen,315
16:07:31,verpressen,Austausch 1,43.02,6.1825,36.838,4292.71,4295.054857,gruen,324
16:07:35,verpressen,Austausch 1,43.02,6.1825,36.838,4295.45,4295.640812,gruen,3311
16:07:41,verpressen,Austausch 1,43.02,6.1825,36.838,4291.34,4291.343806,gelb,3391
16:07:46,verpressen,Austausch 1,43.02,6.1825,36.838,,4291.343806,gelb,347
16:07:50,verpressen,Austausch 1,43.02,6.1825,36.838,,4288.804666,gelb,353
16:07:56,verpressen,Austausch 1,43.02,6.1825,36.838,4287.44,4289.976577,gruen,363
16:08:01,verpressen,Austausch 1,43.02,6.1825,36.838,,4288.414029,gelb,3691
16:08:06,verpressen,Austausch 1,43.02,6.1825,36.838,4289.39,4287.242119,gruen,3771
16:08:10,verpressen,Austausch 1,43.02,6.1825,36.838,4287.63,4287.632756,gruen,384
16:08:16,verpressen,Austausch 1,43.02,6.1825,36.838,4284.7,4286.851482,gruen,392
16:08:20,verpressen,Austausch 1,43.02,6.1825,36.838,,4284.702979,gelb,399
16:08:25,verpressen,Austausch 1,43.02,6.1825,36.838,,4283.531068,gelb,406
16:08:31,verpressen,Austausch 1,43.02,6.1825,36.838,4282.36,4281.382565,gruen,415
16:08:35,verpressen,Austausch 1,43.02,6.1825,36.838,,4282.163839,gelb,4221
16:08:41,verpressen,Austausch 1,43.02,6.1825,36.838,4279.04,4278.843425,gruen,430
16:08:46,verpressen,Austausch 1,43.02,6.1825,36.838,4279.62,4279.624699,gruen,436
16:08:50,verpressen,Austausch 1,43.02,6.1825,36.838,4276.69,4277.671514,gruen,444
16:08:56,verpressen,Austausch 1,43.02,6.1825,36.838,4276.69,4274.741737,gelb,452
16:09:01,verpressen,Austausch 1,43.02,6.1825,36.838,4274.55,4276.694922,gruen,4591
16:09:06,verpressen,Austausch 1,43.02,6.1825,36.838,,4275.523011,gelb,466
16:09:10,verpressen,Austausch 1,43.02,6.1825,36.838,,4275.523011,gelb,4731
16:09:16,verpressen,Austausch 1,43.02,6.1825,36.838,,4272.983871,gelb,482
16:09:21,verpressen,Austausch 1,43.02,6.1825,36.838,4271.42,4272.788553,gruen,489
16:09:25,verpressen,Austausch 1,43.02,6.1825,36.838,4271.03,4271.030686,gruen,496
16:09:31,verpressen,Austausch 1,43.02,6.1825,36.838,4268.88,4268.882183,gruen,505
16:09:36,verpressen,Austausch 1,43.02,6.1825,36.838,,4269.663457,gelb,5111
16:09:40,verpressen,Austausch 1,43.02,6.1825,36.838,,4267.319636,gelb,5191
16:09:45,verpressen,Austausch 1,43.02,6.1825,36.838,4268.88,4268.882183,gelb,526
16:09:51,verpressen,Austausch 1,43.02,6.1825,36.838,,4268.686865,gelb,5351
16:09:55,verpressen,Austausch 1,43.02,6.1825,36.838,4266.34,4267.124317,gruen,542
16:10:01,verpressen,Austausch 1,43.02,6.1825,36.838,4266.73,4265.561769,gelb,5511
16:10:06,verpressen,Austausch 1,43.02,6.1825,36.838,4266.73,4263.803903,gruen,558
16:10:11,verpressen,Austausch 1,43.02,6.1825,36.838,4264.78,4261.460082,gruen,564
16:10:15,verpressen,Austausch 1,43.02,6.1825,36.838,,4264.389859,gelb,5701
16:10:21,verpressen,Austausch 1,43.02,6.1825,36.838,4262.63,4263.608585,gruen,5791
16:10:26,verpressen,Austausch 1,43.02,6.1825,36.838,4262.63,4261.460082,gruen,586
16:10:30,verpressen,Austausch 1,43.02,6.2325,36.788,4273.96,4273.960463,gruen,593
16:10:36,verpressen,Austausch 1,43.02,7.155,35.865,4273.18,4273.179189,gruen,602
16:10:41,verpressen,Austausch 1,43.02,7.2775,35.743,4344.86,4351.501892,gruen,609
16:10:45,verpressen,Austausch 1,43.02,6.950833,36.069,,4279.42938,gelb,6151
16:10:51,verpressen,Austausch 1,43.02,5.8875,37.133,,4276.304285,gelb,6251
16:10:56,verpressen,Austausch 1,43.02,5.031667,37.988,4277.28,4279.038743,gruen,6311
16:11:00,verpressen,Austausch 1,43.02,4.379167,38.641,4278.45,4276.499603,gruen,6391
16:11:05,verpressen,Austausch 1,43.02,3.538333,39.482,,4279.038743,gelb,6451
16:11:11,verpressen,Austausch 1,43.02,2.501667,40.518,4275.52,4275.913648,gruen,653
16:11:15,verpressen,Austausch 1,43.02,1.811667,41.208,,4277.866832,gelb,6611
16:11:20,verpressen,Austausch 1,43.02,0.975833,42.044,,4277.671514,gelb,666
16:11:26,verpressen,Austausch 1,43.02,0.048333,42.972,,4270.640049,gelb,666
16:11:30,verpressen,Austausch 1,43.02,0.048333,42.972,,4273.374508,gelb,666
16:11:35,verpressen,Austausch 1,43.02,0.048333,42.972,4271.23,4271.226005,gruen,666
16:11:41,verpressen,Austausch 1,43.02,0.048333,42.972,4270.64,4271.421323,gelb,666
16:11:45,verpressen,Austausch 1,43.02,0.048333,42.972,4270.25,4269.663457,gruen,666
16:11:51,verpressen,Austausch 1,43.02,0.048333,42.972,4272.2,4272.202597,gruen,666
16:11:56,verpressen,Austausch 1,43.02,0.143333,42.877,4283.53,4277.280877,gruen,666
16:12:00,verpressen,Austausch 1,43.02,0.019167,43.001,,4284.50766,gelb,666
16:12:06,verpressen,Austausch 1,43.02,-0.0625,43.083,,4282.554476,gelb,666
16:12:11,verpressen,Austausch 1,43.02,-0.2375,43.258,,4289.781259,gelb,666
16:12:15,verpressen,Austausch 1,43.02,3.259167,39.761,4285.48,4285.484252,gelb,666
16:12:20,verpressen,Austausch 1,43.02,3.963333,39.057,4282.95,4285.874889,gruen,666
16:12:26,verpressen,Austausch 1,43.02,0.0025,43.018,4269.27,4277.280877,gruen,666
16:12:30,verpressen,Austausch 1,43.02,-0.070833,43.091,4267.71,4267.710273,gruen,666
16:12:36,verpressen,Austausch 1,43.02,-0.243333,43.263,4256.77,4256.772439,gruen,666
16:12:41,verpressen,Austausch 1,43.02,-1.3875,44.408,4257.36,4255.209891,gruen,666
16:12:45,verpressen,Austausch 1,43.02,5.121667,37.898,,4258.725623,gelb,666
16:12:51,verpressen,Austausch 1,43.02,0.1175,42.903,4272.59,4272.593234,gruen,666
16:12:56,verpressen,Austausch 1,43.02,-0.118333,43.138,4256.19,4256.186483,gelb,666
16:13:00,verpressen,Austausch 1,43.02,-0.174167,43.194,4255.6,4255.795846,gruen,666
16:13:06,verpressen,Austausch 1,43.02,-0.234167,43.254,4261.07,4261.069445,gelb,666
16:13:11,verpressen,Austausch 1,43.02,4.688333,38.332,4260.68,4261.460082,gruen,666
16:13:17,verpressen,Austausch 1,43.02,2.080833,40.939,,4264.780496,gelb,666
16:13:20,verpressen,Austausch 1,43.02,-0.061667,43.082,4261.07,4266.538362,gelb,666
16:13:26,verpressen,Austausch 1,43.02,-0.300833,43.321,,4258.334986,gelb,666
16:13:30,verpressen,Austausch 1,43.02,-0.300833,43.321,4258.73,4256.381802,gelb,666
16:13:36,verpressen,Austausch 1,43.02,-1.269167,44.289,,4254.233299,gelb,666
16:13:40,verpressen,Austausch 1,43.02,4.930833,38.089,,4265.952406,gelb,666
16:13:45,verpressen,Austausch 1,43.02,1.031667,41.988,4265.95,4262.827311,gruen,666
16:13:51,verpressen,Austausch 1,43.02,0.148333,42.872,4257.55,4257.553713,gelb,666
16:13:56,verpressen,Austausch 1,43.02,0.028333,42.992,4250.33,4250.717566,gruen,666
16:14:02,verpressen,Austausch 1,43.02,-0.365833,43.386,4257.55,4257.358394,gruen,666
16:14:06,verpressen,Austausch 1,43.02,4.553333,38.467,4254.62,4254.623936,gruen,666
16:14:11,verpressen,Austausch 1,43.02,4.1625,38.858,4255.221,4254.428617,gelb,666
16:14:16,verpressen,Austausch 1,43.02,0.106667,42.913,4252.87,4258.334986,gruen,666
16:14:20,verpressen,Austausch 1,43.02,-0.145,43.165,4257.75,4257.749031,gruen,666
16:14:25,verpressen,Austausch 1,43.02,-0.181667,43.202,,4247.006516,gelb,666
16:14:31,verpressen,Austausch 1,43.02,0.5575,42.463,4256.77,4255.209891,gruen,666
16:14:35,verpressen,Austausch 1,43.02,5.390833,37.629,,4254.03798,gelb,666
16:14:40,verpressen,Austausch 1,43.02,0.078333,42.942,4251.5,4247.592471,gruen,666
16:14:46,verpressen,Austausch 1,43.02,-0.096667,43.117,4254.223,4262.241356,gelb,666
16:14:50,verpressen,Austausch 1,43.02,-0.135,43.155,4251.11,4251.108203,gruen,666
16:14:56,verpressen,Austausch 1,43.02,-0.779167,43.799,4261.66,4261.6554,gelb,666
16:15:01,verpressen,Austausch 1,43.02,5.110833,37.909,,4253.061388,gelb,666
16:15:05,verpressen,Austausch 1,43.02,3.436667,39.583,,4265.561769,gelb,666
16:15:11,verpressen,Austausch 1,43.02,0.35,42.67,4270.84,4276.304285,gruen,666
16:15:16,verpressen,Austausch 1,43.02,0.1125,42.908,,4260.483489,gelb,666
16:15:20,verpressen,Austausch 1,43.02,0.098333,42.922,4258.14,4258.139668,gruen,666
16:15:25,verpressen,Austausch 1,43.02,-0.075833,43.096,,4263.608585,gelb,666
16:15:31,verpressen,Austausch 1,43.02,4.980833,38.039,4265.37,4267.905591,gelb,666
16:15:35,verpressen,Austausch 1,43.02,0.346667,42.673,4264.59,4267.710273,gruen,666
16:15:40,verpressen,Austausch 1,43.02,0.100833,42.919,,4262.046037,gelb,666
16:15:46,verpressen,Austausch 1,43.02,0.100833,42.919,4257.36,4257.358394,gruen,666
16:15:51,verpressen,Austausch 1,43.02,0.100833,42.919,4254.223,4258.920942,gelb,666
16:15:56,verpressen,Austausch 1,43.02,-0.960833,43.981,,4261.6554,gelb,666
16:16:01,verpressen,Austausch 1,43.02,5.195833,37.824,4260.87,4263.022629,gelb,666
16:16:06,verpressen,Austausch 1,43.02,3.259167,39.761,4252.08,4254.428617,gruen,666
16:16:10,verpressen,Austausch 1,43.02,0.021667,42.998,,4255.40521,gelb,666
16:16:16,verpressen,Austausch 1,43.02,-0.220833,43.241,,4247.397153,gelb,666
16:16:21,verpressen,Austausch 1,43.02,-0.220833,43.241,,4243.686102,gelb,666
16:16:25,verpressen,Austausch 1,43.02,-0.906667,43.927,4250.33,4251.694159,gruen,666
16:16:31,verpressen,Austausch 1,43.02,4.499167,38.521,,4244.467376,gelb,666
16:16:36,verpressen,Austausch 1,43.02,4.828333,38.192,4252.87,4251.303522,gruen,666
16:16:40,verpressen,Austausch 1,43.02,0.060833,42.959,4239.58,4239.584414,gruen,666
16:16:46,verpressen,Austausch 1,43.02,-0.144167,43.164,4245.64,4245.639286,gruen,666
16:16:51,verpressen,Austausch 1,43.02,-0.144167,43.164,,4243.88142,gelb,666
16:16:55,verpressen,Austausch 1,43.02,-1.015,44.035,,4245.834605,gelb,666
16:17:01,verpressen,Austausch 1,43.02,5.564167,37.456,,4243.100146,gelb,666
16:17:06,verpressen,Austausch 1,43.02,0.11,42.91,4236.46,4233.334223,gelb,666
16:17:10,verpressen,Austausch 1,43.02,0.180833,42.839,4245.25,4245.834605,gruen,666
16:17:15,verpressen,Austausch 1,43.02,-0.058333,43.078,,4238.998459,gelb,666
16:17:21,verpressen,Austausch 1,43.02,-0.058333,43.078,4238.41,4238.021867,gruen,666
16:17:25,verpressen,Austausch 1,43.02,-0.13,43.15,,4246.615879,gelb,666
16:17:31,verpressen,Austausch 1,43.02,3.950833,39.069,4245.64,4245.639286,gruen,666
16:17:35,verpressen,Austausch 1,43.02,5.515,37.505,4237.63,4247.397153,gruen,666
16:17:40,verpressen,Austausch 1,43.02,0.125833,42.894,4241.34,4241.34228,gelb,666
16:17:45,verpressen,Austausch 1,43.02,0.103333,42.917,,4239.779733,gelb,666
16:17:50,verpressen,Austausch 1,43.02,0.0075,43.013,,4241.928236,gelb,666
16:17:55,verpressen,Austausch 1,43.02,-1.26,44.28,,4245.24865,gelb,666
16:18:01,verpressen,Austausch 1,43.02,5.6475,37.373,4246.03,4246.029923,gruen,666
16:18:06,verpressen,Austausch 1,43.02,0.054167,42.966,4239.58,4238.217185,gruen,666
16:18:10,verpressen,Austausch 1,43.02,-0.031667,43.052,,4239.584414,gelb,666
16:18:15,verpressen,Austausch 1,43.02,-0.121667,43.142,4229.62,4228.64658,gruen,666
16:18:21,verpressen,Austausch 1,43.02,-0.121667,43.142,4232.55,4232.55295,gelb,666
16:18:25,verpressen,Austausch 1,43.02,1.900833,41.119,4237.63,4238.217185,gruen,666
16:18:30,verpressen,Austausch 1,43.02,5.565833,37.454,,4230.404447,gelb,666
16:18:36,verpressen,Austausch 1,43.02,0.046667,42.973,4235.68,4239.975051,gruen,666
16:18:41,verpressen,Austausch 1,43.02,-0.284167,43.304,,4228.451262,gelb,666
16:18:45,verpressen,Austausch 1,43.02,-0.284167,43.304,4227.08,4227.084033,gruen,666
16:18:51,verpressen,Austausch 1,43.02,-0.669167,43.689,,4232.162313,gelb,666
16:18:56,verpressen,Austausch 1,43.02,4.6625,38.358,4233.33,4236.459319,gruen,666
16:19:00,verpressen,Austausch 1,43.02,4.153333,38.867,4231.97,4230.209128,gruen,666
16:19:06,verpressen,Austausch 1,43.02,0.188333,42.832,4235.09,4238.217185,gruen,666
16:19:11,verpressen,Austausch 1,43.02,-0.080833,43.101,4226.69,4225.912122,gruen,666
16:19:15,verpressen,Austausch 1,43.02,-0.100833,43.121,,4229.818491,gelb,666
16:19:21,verpressen,Austausch 1,43.02,-1.205,44.225,4235.48,4235.482727,gruen,666
16:19:26,verpressen,Austausch 1,43.02,5.1975,37.823,4229.23,4234.506134,gelb,666
16:19:30,verpressen,Austausch 1,43.02,2.788333,40.232,4232.55,4232.55295,gruen,666
16:19:36,verpressen,Austausch 1,43.02,-0.154167,43.174,4224.74,4229.037217,gelb,666
16:19:41,verpressen,Austausch 1,43.02,-0.073333,43.093,4226.69,4224.93553,gruen,666
16:19:45,verpressen,Austausch 1,43.02,-0.213333,43.233,,4224.349574,gelb,666
16:19:51,verpressen,Austausch 1,43.02,-1.630833,44.651,,4221.810434,gelb,666
16:19:56,verpressen,Austausch 1,43.02,5.209167,37.811,,4226.888714,gelb,666
16:20:00,verpressen,Austausch 1,43.02,2.714167,40.306,4224.35,4226.302759,gruen,666
16:20:06,verpressen,Austausch 1,43.02,-0.086667,43.107,4228.45,4228.451262,gelb,666
16:20:11,verpressen,Austausch 1,43.02,-0.271667,43.292,4215.17,4217.122791,gruen,666
16:20:15,verpressen,Austausch 1,43.02,-0.271667,43.292,,4213.997696,gelb,666
16:20:20,verpressen,Austausch 1,43.02,-0.361667,43.382,,4224.544893,gelb,666
16:20:26,verpressen,Austausch 1,43.02,5.4,37.62,,4224.349574,gelb,666
16:20:31,verpressen,Austausch 1,43.02,-0.01,43.03,4217.51,4226.693396,gelb,666
16:20:35,verpressen,Austausch 1,43.02,-0.140833,43.161,4216.34,4216.341517,gelb,666
16:20:40,verpressen,Austausch 1,43.02,-0.2875,43.308,,4214.77897,gelb,666
16:20:46,verpressen,Austausch 1,43.02,-0.2875,43.308,4213.41,4215.755562,gruen,666
16:20:50,verpressen,Austausch 1,43.02,-0.518333,43.538,,4221.810434,gelb,666
16:20:56,verpressen,Austausch 1,43.02,4.886667,38.133,4220.83,4220.833842,gruen,666
16:21:01,verpressen,Austausch 1,43.02,4.268333,38.752,,4228.841899,gelb,666
16:21:05,verpressen,Austausch 1,43.02,-0.16,43.18,4230.01,4222.39639,gruen,666
16:21:10,verpressen,Austausch 1,43.02,-0.234167,43.254,4218.29,4220.638524,gruen,666
16:21:16,verpressen,Austausch 1,43.02,-0.371667,43.392,4213.8,4212.435148,gruen,666
16:21:20,verpressen,Austausch 1,43.02,-0.371667,43.392,4214.19,4214.193014,gruen,666
16:21:26,verpressen,Austausch 1,43.02,-1.390833,44.411,4227.47,4227.47467,gruen,666
16:21:31,verpressen,Austausch 1,43.02,5.075833,37.944,4224.94,4217.31811,gruen,666
16:21:35,verpressen,Austausch 1,43.02,3.276667,39.743,,4218.880657,gelb,666
16:21:40,verpressen,Austausch 1,43.02,-2.056667,45.077,4215.76,4220.833842,gruen,666
16:21:46,verpressen,Austausch 1,43.02,-2.635,45.655,4211.46,4213.216422,gelb,666
16:21:50,verpressen,Austausch 1,43.02,-2.635,45.655,4216.73,4216.732154,gruen,666
16:21:56,verpressen,Austausch 1,43.02,-3.084167,46.104,4229.62,4229.623173,gelb,666
16:22:01,verpressen,Austausch 1,43.02,-1.960833,44.981,4226.69,4226.693396,gruen,666
16:22:05,verpressen,Austausch 1,43.02,3.630833,39.389,,4229.232536,gelb,666
16:22:11,verpressen,Austausch 1,43.02,7.335,35.685,3402.45,3402.449492,gruen,666
16:22:16,verpressen,Austausch 1,42.88,6.594167,36.286,,1824.862285,keine,666
16:22:21,verpressen,Austausch 1,42.22,5.128333,37.092,,1729.742195,keine,666
16:22:26,verpressen,Austausch 1,42.22,5.070833,37.149,,4594.673376,gelb,666
16:22:30,verpressen,Austausch 1,42.22,2.105,40.115,4203.45,4217.513428,gruen,666
16:22:36,verpressen,Austausch 1,42.22,0.799167,41.421,,4058.328883,gelb,666
16:22:45,verpressen,au 1,42.22,0.799167,41.421,4037.63,4034.890667,gruen,666
16:22:51,verpressen,au 1,42.22,0.799167,41.421,4030.2,4029.226432,gelb,666
16:22:56,verpressen,au 1,42.22,0.799167,41.421,4027.47,4027.468566,gruen,666
16:23:00,verpressen,au 1,42.22,0.799167,41.421,,4022.976241,gelb,666
16:23:06,verpressen,au 1,42.22,0.799167,41.421,4020.44,4020.437101,gruen,666
16:23:11,verpressen,au 1,42.22,0.799167,41.421,,4018.09328,gelb,666
16:23:15,verpressen,au 1,42.22,0.799167,41.421,4013.99,4018.288598,gruen,666
16:23:21,verpressen,au 1,42.22,0.799167,41.421,4013.01,4013.015,gelb,666
16:23:26,verpressen,au 1,42.22,0.799167,41.421,4011.84,4013.405637,gelb,666
16:23:30,verpressen,au 1,42.22,0.799167,41.421,,4010.085223,gelb,666
16:23:36,verpressen,au 1,42.22,0.799167,41.421,4005.59,4005.788217,gruen,666
16:23:41,verpressen,au 1,42.22,0.799167,41.421,,4001.881848,gelb,666
16:23:45,verpressen,au 1,42.22,0.799167,41.421,4001.69,4000.905255,gruen,666
16:23:50,verpressen,au 1,42.22,0.799167,41.421,3999.54,3999.538026,gruen,666
16:23:56,verpressen,au 1,42.22,0.799167,41.421,3996.61,3996.803568,gelb,666
16:24:00,verpressen,au 1,42.22,0.799167,41.421,3995.83,3995.826975,gruen,666
16:24:06,verpressen,au 1,42.22,0.799167,41.421,3992.31,3992.311243,gelb,666
16:24:11,verpressen,au 1,42.22,0.799167,41.421,3992.7,3990.553377,gruen,666
16:24:15,verpressen,au 1,42.22,0.799167,41.421,,3991.529969,gelb,666
16:24:21,verpressen,au 1,42.22,0.799167,41.421,3987.62,3986.842326,gruen,666
16:24:26,verpressen,au 1,42.22,0.799167,41.421,,3985.865734,gelb,666
16:24:29,verpressen,au 1,42.22,0.799167,41.421,3987.04,3987.037645,gruen,666
16:24:36,verpressen,au 1,42.22,0.799167,41.421,,3984.889142,gelb,666
16:24:40,verpressen,au 1,42.22,0.799167,41.421,3983.13,3984.889142,gruen,666
16:24:46,verpressen,au 1,42.22,0.799167,41.421,,3984.498505,gelb,666
16:24:51,verpressen,au 1,42.22,0.799167,41.421,3980.01,3981.764046,gruen,666
16:24:55,verpressen,au 1,42.22,0.799167,41.421,3976.88,3980.787454,gruen,666
16:25:00,verpressen,au 1,42.22,0.799167,41.421,,3980.396817,gelb,666
16:25:06,verpressen,au 1,42.22,0.799167,41.421,3977.66,3980.396817,gruen,666
16:25:10,verpressen,au 1,42.22,0.799167,41.421,,3979.029588,gelb,666
16:25:16,verpressen,au 1,42.22,0.799167,41.421,3972.39,3972.38876,gruen,666
16:25:21,verpressen,au 1,42.22,0.799167,41.421,,3975.904492,gelb,666
16:25:25,verpressen,au 1,42.22,0.799167,41.421,3974.15,3974.146626,gruen,666
16:25:31,verpressen,au 1,42.22,0.799167,41.421,3974.34,3974.537263,gelb,666
16:25:36,verpressen,au 1,42.22,0.799167,41.421,3974.73,3974.537263,gruen,666
16:25:41,verpressen,au 1,42.22,0.799167,41.421,,3972.38876,gelb,666
16:25:46,verpressen,au 1,42.22,0.799167,41.421,3973.17,3974.732582,gruen,666
16:25:50,verpressen,au 1,42.22,0.799167,41.421,,3972.584078,gelb,666
16:25:56,verpressen,au 1,42.22,0.799167,41.421,3973.76,3973.755989,gruen,666
16:26:01,verpressen,au 1,42.22,0.799167,41.421,3971.02,3973.170034,gruen,666
16:26:05,verpressen,au 1,42.22,0.799167,41.421,,3973.365352,gelb,666
16:26:11,verpressen,au 1,42.22,0.799167,41.421,3971.41,3971.412168,gruen,666
16:26:16,verpressen,au 1,42.22,0.799167,41.421,3972.58,3972.38876,gelb,666
16:26:21,verpressen,au 1,42.22,0.799167,41.421,3969.65,3969.458983,gruen,666
16:26:25,verpressen,au 1,42.22,0.799167,41.421,,3969.263665,gelb,666
16:26:31,verpressen,au 1,42.22,0.799167,41.421,3969.26,3970.435575,gruen,666
16:26:36,verpressen,au 1,42.22,0.799167,41.421,3971.02,3969.84962,gelb,666
16:26:41,verpressen,au 1,42.22,0.799167,41.421,3966.72,3969.068346,gruen,666
16:26:46,verpressen,au 1,42.22,0.799167,41.421,,3966.919843,gelb,666
16:26:50,verpressen,au 1,42.22,0.799167,41.421,3966.53,3966.529206,gelb,666
16:26:56,verpressen,au 1,42.22,0.799167,41.421,,3965.943251,gelb,666
16:27:00,verpressen,au 1,42.22,0.799167,41.421,3964.77,3968.091754,gelb,666
16:27:05,verpressen,au 1,42.22,0.799167,41.421,3964.97,3964.966659,gruen,666
16:27:11,verpressen,au 1,42.22,0.799167,41.421,,3964.966659,gelb,666
16:27:16,verpressen,au 1,42.22,0.799167,41.421,,3962.2322,gelb,666
16:27:21,verpressen,au 1,42.22,0.799167,41.421,3963.6,3963.599429,gelb,666
16:27:26,verpressen,au 1,42.22,0.799167,41.421,,3961.646245,gelb,666
16:27:30,verpressen,au 1,42.22,0.799167,41.421,,3960.864971,gelb,666
16:27:36,verpressen,au 1,42.22,0.799167,41.421,3960.47,3960.864971,gruen,666
16:27:41,verpressen,au 1,42.22,0.799167,41.421,,3959.69306,gelb,666
16:27:46,verpressen,au 1,42.22,0.799167,41.421,3960.47,3960.864971,gruen,666
16:27:49,verpressen,au 1,42.22,0.799167,41.421,,3959.107105,gelb,666
16:27:55,verpressen,au 1,42.22,0.799167,41.421,3959.5,3959.107105,gruen,666
16:28:01,verpressen,au 1,42.22,0.799167,41.421,3956.96,3956.958602,gruen,666
16:28:06,verpressen,au 1,42.22,0.799167,41.421,3957.74,3957.15392,gruen,666
16:28:10,verpressen,au 1,42.22,0.799167,41.421,,3955.591372,gelb,666
16:28:16,verpressen,au 1,42.22,0.799167,41.421,3955.01,3955.396054,gelb,666
16:28:21,verpressen,au 1,42.22,0.799167,41.421,3952.86,3955.005417,gruen,666
16:28:26,verpressen,au 1,42.22,0.799167,41.421,3952.66,3952.661596,gelb,666
16:28:31,verpressen,au 1,42.22,0.799167,41.421,3951.1,3951.880322,gruen,666
16:28:36,verpressen,au 1,42.22,0.799167,41.421,,3951.489685,gelb,666
16:28:41,verpressen,au 1,42.22,0.799167,41.421,3950.51,3948.364589,gruen,666
16:28:45,verpressen,au 1,42.22,0.799167,41.421,,3947.973952,gelb,666
16:28:51,verpressen,au 1,42.22,0.799167,41.421,3946.8,3946.802042,gruen,666
16:28:56,verpressen,au 1,42.22,0.799167,41.421,3946.8,3946.020768,gelb,666
16:29:01,verpressen,au 1,42.22,0.799167,41.421,3944.26,3942.505036,gelb,666
16:29:05,verpressen,au 1,42.22,0.799167,41.421,,3943.286309,gelb,666
16:29:10,verpressen,au 1,42.22,0.799167,41.421,,3941.528443,gelb,666
16:29:16,verpressen,au 1,42.22,0.799167,41.421,,3939.575259,gelb,666
16:29:20,verpressen,au 1,42.22,0.799167,41.421,3939.97,3940.161214,gruen,666
16:29:26,verpressen,au 1,42.22,0.799167,41.421,3940.16,3940.161214,gruen,666
16:29:31,verpressen,au 1,42.22,0.799167,41.421,3940.75,3939.965896,gelb,666
16:29:36,verpressen,au 1,42.22,0.799167,41.421,3939.38,3939.965896,gruen,666
16:29:41,verpressen,au 1,42.22,0.799167,41.421,3940.16,3940.161214,gelb,666
16:29:46,verpressen,au 1,42.22,0.799167,41.421,3940.75,3938.208029,gruen,666
16:29:49,verpressen,au 1,42.22,0.799167,41.421,3939.18,3939.184622,gruen,666
16:29:56,verpressen,au 1,42.22,0.799167,41.421,3939.38,3939.37994,gruen,666
16:30:01,verpressen,au 1,42.22,0.799167,41.421,,3937.817392,gelb,666
16:30:05,verpressen,au 1,42.22,0.799167,41.421,3938.4,3938.989303,gruen,666
16:30:11,verpressen,au 1,42.22,0.799167,41.421,,3936.645482,gelb,666
16:30:16,verpressen,au 1,42.22,0.799167,41.421,3938.4,3937.622074,gruen,666
16:30:21,verpressen,au 1,42.22,0.799167,41.421,3932.93,3932.934431,gruen,666
16:30:26,verpressen,au 1,42.22,0.799167,41.421,3935.08,3936.254845,gelb,666
16:30:30,verpressen,au 1,42.22,0.799167,41.421,3935.86,3936.450163,gruen,666
16:30:36,verpressen,au 1,42.22,0.799167,41.421,3935.28,3935.278253,gelb,666
16:30:40,verpressen,au 1,42.22,0.799167,41.421,,3935.668889,gelb,666
16:30:45,verpressen,au 1,42.22,0.799167,41.421,,3935.864208,gelb,666
16:30:51,verpressen,au 1,42.22,0.799167,41.421,3934.3,3934.30166,gruen,666
16:30:56,verpressen,au 1,42.22,0.799167,41.421,,3934.496979,gelb,666
16:31:01,verpressen,au 1,42.22,0.799167,41.421,3933.13,3933.715705,gruen,666
16:31:06,verpressen,au 1,42.22,0.799167,41.421,,3933.520386,gelb,666
16:31:12,verpressen,au 1,42.22,0.799167,41.421,3932.35,3932.934431,gruen,666
16:31:15,verpressen,au 1,42.22,0.799167,41.421,3929.42,3929.418699,gruen,666
16:31:21,verpressen,au 1,42.22,0.799167,41.421,3932.54,3931.76252,gruen,666
16:31:25,verpressen,au 1,42.22,0.799167,41.421,3930.79,3932.348476,gruen,666
16:31:30,verpressen,au 1,42.22,0.799167,41.421,,3932.739113,gelb,666
16:31:35,verpressen,au 1,42.22,0.799167,41.421,3931.18,3932.543794,gelb,666
16:31:40,verpressen,au 1,42.22,0.799167,41.421,,3931.957839,gelb,666
16:31:46,verpressen,au 1,42.22,0.799167,41.421,3931.96,3931.76252,gruen,666
16:31:51,verpressen,au 1,42.22,0.799167,41.421,,3932.348476,gelb,666
16:31:56,verpressen,au 1,42.22,0.799167,41.421,3930.4,3930.395291,gruen,666
16:32:01,verpressen,au 1,42.22,0.799167,41.421,,3931.76252,gelb,666
16:32:07,verpressen,au 1,42.22,0.799167,41.421,3932.15,3931.176565,gruen,666
16:32:11,verpressen,au 1,42.22,0.799167,41.421,3932.35,3933.129749,gelb,666
16:32:16,verpressen,au 1,42.22,0.799167,41.421,3928.83,3932.543794,gruen,666
16:32:20,verpressen,au 1,42.22,0.799167,41.421,,3929.809336,gelb,666
16:32:26,verpressen,au 1,42.22,0.799167,41.421,3930.4,3930.395291,gruen,666
16:32:30,verpressen,au 1,42.22,0.799167,41.421,,3930.395291,gelb,666
16:32:36,verpressen,au 1,42.22,0.799167,41.421,3932.15,3931.76252,gruen,666
16:32:41,verpressen,au 1,42.22,0.799167,41.421,3930.0,3930.004654,gruen,666
16:32:46,verpressen,au 1,42.22,0.799167,41.421,,3931.957839,gelb,666
16:32:51,verpressen,au 1,42.22,0.799167,41.421,3930.98,3930.981246,gruen,666
16:32:56,verpressen,au 1,42.22,0.799167,41.421,,3931.957839,gelb,666
16:33:02,verpressen,au 1,42.22,0.799167,41.421,3930.79,3929.028062,gruen,666
16:33:06,verpressen,au 1,42.22,0.799167,41.421,3930.59,3930.590609,gelb,666
16:33:12,verpressen,au 1,42.22,0.799167,41.421,3932.15,3931.76252,gruen,666
16:33:16,verpressen,au 1,42.22,0.799167,41.421,3933.91,3933.911023,gelb,666
16:33:21,verpressen,au 1,42.22,0.799167,41.421,3931.18,3931.176565,gruen,666
16:33:26,verpressen,au 1,42.22,0.799167,41.421,,3932.153157,gelb,666
16:33:31,verpressen,au 1,42.22,0.799167,41.421,3931.76,3931.76252,gruen,666
16:33:36,verpressen,au 1,42.22,0.799167,41.421,,3930.981246,gelb,666
16:33:40,verpressen,au 1,42.22,0.799167,41.421,3931.96,3931.957839,gruen,666
16:33:46,verpressen,au 1,42.22,0.799167,41.421,,3933.325068,gelb,666
16:33:50,verpressen,au 1,42.22,0.799167,41.421,,3932.153157,gelb,666
16:33:56,verpressen,au 1,42.22,0.799167,41.421,3931.76,3932.739113,gruen,666
16:34:01,verpressen,au 1,42.22,0.799167,41.421,3930.79,3930.199973,gelb,666
16:34:06,verpressen,au 1,42.22,0.799167,41.421,3931.18,3932.934431,gruen,666
16:34:11,verpressen,au 1,42.22,0.799167,41.421,3929.61,3930.199973,gelb,666
16:34:15,verpressen,au 1,42.22,0.799167,41.421,,3915.746406,gelb,666
16:34:22,verpressen,au 1,42.22,0.799167,41.421,3915.16,3914.574496,gelb,666
16:34:26,verpressen,au 1,42.22,0.799167,41.421,3924.34,3924.340419,gruen,666
16:34:30,verpressen,au 1,42.22,0.799167,41.421,3920.82,3925.512329,gruen,666
16:34:35,verpressen,au 1,42.22,0.799167,41.421,3920.43,3924.926374,gruen,666
16:34:41,verpressen,au 1,42.22,0.799167,41.421,,3919.457457,gelb,666
16:34:46,verpressen,au 1,42.22,1.89,40.33,3933.13,3934.106342,gruen,666
16:34:50,verpressen,au 1,42.22,4.860833,37.359,3925.12,3933.520386,gruen,666
16:34:56,verpressen,au 1,42.22,6.558333,35.662,3920.82,3920.824686,gelb,666
16:35:01,verpressen,au 1,42.22,6.558333,35.662,3917.89,3918.676183,gruen,666
16:35:06,verpressen,au 1,42.22,6.558333,35.662,3920.04,3918.285546,gelb,666
16:35:10,verpressen,au 1,42.22,6.558333,35.662,,3921.410642,gelb,666
16:35:16,verpressen,au 1,42.22,6.558333,35.662,3919.46,3921.020005,gruen,666
16:35:21,verpressen,au 1,42.22,6.558333,35.662,3915.16,3919.06682,gruen,666
16:35:25,verpressen,au 1,42.22,6.558333,35.662,3918.87,3920.43405,gruen,666
16:35:31,verpressen,au 1,42.22,6.558333,35.662,3919.46,3919.457457,gruen,666
16:35:36,verpressen,au 1,42.22,6.558333,35.662,3919.46,3920.043413,gelb,666
16:35:40,verpressen,au 1,42.22,6.558333,35.662,,3921.801279,gelb,666
16:35:45,verpressen,au 1,42.22,6.558333,35.662,3919.26,3919.06682,gruen,666
16:35:51,verpressen,au 1,42.22,6.558333,35.662,3917.31,3917.308954,gruen,666
16:35:56,verpressen,au 1,42.22,6.558333,35.662,,3918.480865,gelb,666
16:36:00,verpressen,au 1,42.22,6.558333,35.662,,3919.262139,gelb,666
16:36:06,verpressen,au 1,42.22,6.558333,35.662,3918.09,3919.457457,gruen,666
16:36:11,verpressen,au 1,42.22,6.558333,35.662,,3916.52768,gelb,666
16:36:17,verpressen,au 1,42.22,6.558333,35.662,3918.29,3924.340419,gruen,666
16:36:21,verpressen,au 1,42.22,3.918333,38.302,3926.68,3927.856151,gelb,666
16:36:26,verpressen,au 1,42.22,3.285,38.935,3921.8,3922.582553,gruen,666
16:36:31,verpressen,au 1,42.22,3.285,38.935,,3922.973189,gelb,666
16:36:36,verpressen,au 1,42.22,3.285,38.935,3924.15,3925.317011,gruen,666
16:36:42,verpressen,au 1,42.22,3.486667,38.733,3929.03,3927.270196,gelb,666
16:36:45,verpressen,au 1,42.22,3.584167,38.636,,3927.465514,gelb,666
16:36:51,verpressen,au 1,42.22,3.605,38.615,3918.87,3923.754463,gruen,666
16:36:54,verpressen,au 1,42.22,3.605,38.615,3920.82,3922.191916,gruen,666
16:37:01,verpressen,au 1,42.22,3.605,38.615,3924.54,3924.535737,gruen,666
16:37:06,verpressen,Au 1,42.22,3.605,38.615,3922.97,3925.902966,gruen,666
16:37:10,verpressen,Au 1,42.22,5.034167,37.186,3925.51,3925.512329,gruen,666
16:37:15,verpressen,Au 1,42.2,4.8675,37.333,,1875.645085,keine,666
16:37:15,verpressen,Au 1,42.2,4.8675,37.333,,1875.645085,keine,666
16:37:15,verpressen,Au 1,42.2,4.8675,37.333,,1875.645085,keine,666
16:37:30,verpressen,Au 1,40.36,-0.053333,40.413,,1668.412198,keine,666
16:37:36,verpressen,Au 1,40.03,-0.925833,40.956,,4775.928907,gelb,666
16:37:39,verpressen,Au 1,40.03,-1.2475,41.278,,4538.616977,gelb,666
16:37:45,verpressen,Au 1,40.03,-4.008333,44.038,,4328.063677,gelb,666
16:37:51,verpressen,Au 1,40.03,-4.269167,44.299,4198.18,4198.958174,gelb,666
16:37:56,verpressen,Au 1,40.03,-4.269167,44.299,,4191.145436,gelb,666
16:38:00,verpressen,Au 1,40.03,-4.269167,44.299,,4183.918653,gelb,666
16:38:06,verpressen,Au 1,40.03,-4.269167,44.299,,4174.543367,gelb,666
16:38:11,verpressen,Au 1,40.03,-4.269167,44.299,4164.58,4168.879131,gruen,666
16:38:16,verpressen,Au 1,40.03,-4.269167,44.299,4165.95,4165.949355,gruen,666
16:38:21,verpressen,Au 1,40.03,-4.269167,44.299,4159.31,4159.503845,gruen,666
16:38:26,verpressen,Au 1,40.03,-4.269167,44.299,4155.4,4157.745979,gruen,666
16:38:31,verpressen,Au 1,40.03,-4.269167,44.299,4157.75,4153.448973,gelb,666
16:38:36,verpressen,Au 1,40.03,-4.269167,44.299,4151.3,4152.667699,gruen,666
16:38:42,verpressen,Au 1,40.03,-4.269167,44.299,4150.71,4149.542604,gelb,666
16:38:46,verpressen,Au 1,40.03,-4.269167,44.299,4150.32,4148.76133,gruen,666
16:38:50,verpressen,Au 1,40.03,-4.269167,44.299,4146.42,4146.417508,gruen,666
16:38:56,verpressen,Au 1,40.03,-5.625833,45.656,4156.96,4154.816202,gruen,666
16:39:00,verpressen,Au 1,40.03,-4.230833,44.261,4164.39,4164.386807,gruen,666
16:39:06,verpressen,Au 1,40.03,4.24,35.79,4162.43,4162.433622,gelb,666
16:39:11,verpressen,Au 1,40.01,4.388333,35.622,,1827.401425,keine,666
16:39:16,verpressen,Au 1,38.74,0.648333,38.092,,1684.232994,keine,666
16:39:21,verpressen,Au 1,38.05,-0.895,38.945,5108.36,4895.463805,gruen,666
16:39:25,verpressen,Au 1,38.05,-1.065,39.115,4490.57,4490.568636,gruen,666
16:39:31,verpressen,Au 1,38.05,-1.2225,39.272,,4267.710273,gelb,666
16:39:36,verpressen,Au 1,38.05,-1.2225,39.272,,4254.233299,gelb,666
16:39:40,verpressen,Au 1,38.05,-1.2225,39.272,4240.17,4240.17037,gelb,666
16:39:45,verpressen,Au 1,38.05,-1.2225,39.272,4240.17,4240.17037,gruen,666
16:39:51,verpressen,Au 1,38.05,-1.2225,39.272,4230.21,4233.920179,gruen,666
16:39:54,verpressen,Au 1,38.05,-1.369167,39.419,4237.83,4237.826548,gruen,666
16:40:00,verpressen,Au 1,38.05,-4.730833,42.781,,4243.295465,gelb,666
16:40:06,verpressen,Au 1,38.05,-2.3825,40.432,,4240.756325,gelb,666
16:40:10,verpressen,Au 1,38.05,2.835833,35.214,4252.28,4249.936293,gruen,666
16:40:16,verpressen,Au 1,37.95,4.053333,33.897,,1827.596744,keine,666
16:40:19,verpressen,Au 1,37.0,1.433333,35.567,,1723.492004,keine,666
16:40:24,verpressen,Au 1,36.04,-0.965833,37.006,,2169.208731,keine,666
16:40:31,verpressen,Au 1,36.04,-1.28,37.32,4471.43,4439.199881,gelb,666
16:40:35,verpressen,Au 1,36.04,-2.265,38.305,4346.62,4346.618931,gruen,666
16:40:41,verpressen,Au 1,36.04,3.456667,32.583,4341.15,4341.150014,gruen,666
16:40:46,verpressen,Au 1,36.02,4.0725,31.948,,1917.247917,keine,666
16:40:51,verpressen,Au 1,34.22,-0.845833,35.066,,1735.40643,keine,666
16:40:56,verpressen,Au 1,34.12,-1.155833,35.276,4396.82,4368.29928,gruen,666
16:41:00,verpressen,Au 1,34.12,-1.224167,35.344,,4225.521485,gelb,666
16:41:05,verpressen,Au 1,34.12,-1.255833,35.376,4210.68,4210.677282,gruen,666
16:41:11,verpressen,Au 1,34.12,1.063333,33.057,,4215.560244,gelb,666
16:41:15,verpressen,Au 1,34.12,4.569167,29.551,4223.76,4219.85725,gelb,666
16:41:20,verpressen,Au 1,32.96,0.549167,32.411,,1776.423307,keine,666
16:41:25,verpressen,Au 1,32.11,-0.884167,32.994,4669.68,4494.475005,gruen,666
16:41:30,verpressen,Au 1,32.11,-1.195833,33.306,4215.76,4226.693396,gruen,666
16:41:36,verpressen,Au 1,32.11,-1.340833,33.451,4199.54,4197.00499,gelb,666
16:41:40,verpressen,Au 1,32.11,-2.714167,34.824,,4196.028397,gelb,666
16:41:45,verpressen,Au 1,32.11,4.231667,27.878,,4192.317347,gelb,666
16:41:51,verpressen,Au 1,31.23,0.6725,30.558,,1792.439421,keine,666
16:41:56,verpressen,Au 1,30.16,-0.964167,31.124,4380.41,4392.909406,gelb,666
16:42:01,verpressen,Au 1,30.16,-1.324167,31.484,,3968.677709,gelb,666
16:42:05,verpressen,Au 1,30.16,-1.324167,31.484,,3927.074877,gelb,666
16:42:10,verpressen,Au 1,30.16,-1.324167,31.484,3921.61,3921.60596,gelb,666
16:42:15,verpressen,Au 1,30.16,-2.2925,32.453,3938.21,3937.622074,gruen,666
16:42:19,verpressen,Au 1,30.16,3.779167,26.381,,3927.660833,gelb,666
16:42:26,verpressen,Au 1,30.16,4.015833,26.144,3918.29,3921.410642,gelb,672
16:42:30,verpressen,Au 1,30.16,4.030833,26.129,,3918.090228,gelb,676
16:42:35,verpressen,Au 1,30.16,4.030833,26.129,3912.62,3913.207266,gruen,686
16:42:41,verpressen,Au 1,30.16,4.030833,26.129,3908.32,3908.324305,gelb,694
16:42:45,verpressen,Au 1,30.16,4.030833,26.129,3906.37,3905.19921,gruen,700
16:42:50,verpressen,Au 1,30.16,4.030833,26.129,,3902.269433,gelb,708
16:42:56,verpressen,Au 1,30.16,4.030833,26.129,,3899.339656,gelb,7171
16:43:01,verpressen,Au 1,30.16,4.030833,26.129,3896.02,3896.605197,gruen,724
16:43:05,verpressen,Au 1,30.16,4.030833,26.129,3892.89,3892.50351,gruen,7321
16:43:10,verpressen,Au 1,30.16,4.030833,26.129,,3889.96437,gelb,738
16:43:15,verpressen,Au 1,30.16,4.030833,26.129,,3885.472045,gelb,746
16:43:20,verpressen,Au 1,30.16,4.030833,26.129,3885.08,3883.51886,gruen,754
16:43:26,verpressen,Au 1,29.98,3.785,26.195,,1825.448241,keine,7561
16:43:32,verpressen,Au 1,29.06,1.210833,27.849,,1684.232994,keine,7561
16:43:33,verpressen,Au 1,28.99,0.833333,28.157,,1679.154714,keine,7561
16:43:41,verpressen,Au 1,28.29,-0.8225,29.113,,1656.888409,keine,7561
16:43:45,verpressen,Au 1,28.17,-0.964167,29.134,,4618.111591,gelb,7561
16:43:51,verpressen,Au 1,28.17,-1.456667,29.627,4205.21,4205.989639,gruen,7561
16:43:54,verpressen,Au 1,28.17,-4.970833,33.141,4202.86,4202.473907,gruen,7561
16:44:00,verpressen,Au 1,28.17,-6.655833,34.826,4182.55,4182.551424,gruen,7561
16:44:06,verpressen,Au 1,28.17,-3.974167,32.144,4181.38,4180.402921,gelb,7561
16:44:10,verpressen,Au 1,28.17,0.283333,27.887,4173.76,4175.910596,gruen,7561
16:44:15,verpressen,Au 1,28.17,0.211667,27.958,,4177.082507,gelb,7561
16:44:20,verpressen,Au 1,28.17,2.3075,25.863,,4199.934767,gelb,7561
16:44:25,verpressen,Au 1,28.17,4.545833,23.624,,2108.074053,keine,7561
16:44:30,verpressen,Au 1,26.8,1.131667,25.668,,1734.820475,keine,7561
16:44:35,verpressen,Au 1,26.19,-0.919167,27.109,,4233.920179,gelb,7561
16:44:41,verpressen,Au 1,26.19,-1.085,27.275,3727.85,3727.850047,gruen,7561
16:44:45,verpressen,Au 1,26.19,-1.134167,27.324,3714.96,3711.05266,gruen,7561
16:44:51,verpressen,Au 1,26.19,-1.341667,27.532,3590.54,3582.92375,gelb,7561
16:44:55,verpressen,Au 1,26.19,-5.524167,31.714,3587.03,3587.025437,gruen,7561
16:45:00,verpressen,Au 1,26.19,0.121667,26.068,,3579.798654,gelb,7561
16:45:04,verpressen,Au 1,26.19,4.1975,21.992,,3577.454833,gelb,7561
16:45:11,verpressen,Au 1,26.19,4.454167,21.736,,1795.564516,keine,7561
16:45:16,verpressen,Au 1,24.58,-0.990833,25.571,,1693.412961,keine,7561
16:45:18,verpressen,Au 1,24.22,-0.991667,25.212,5005.43,5036.483734,gruen,7561
16:45:26,verpressen,Au 1,24.22,-1.380833,25.601,4135.87,4135.479675,gruen,7561
16:45:30,verpressen,Au 1,24.22,-1.380833,25.601,,4122.393338,gelb,7561
16:45:36,verpressen,Au 1,24.22,-1.380833,25.601,4107.74,4108.13509,gruen,7561
16:45:41,verpressen,Au 1,24.22,-1.380833,25.601,,4100.322352,gelb,7561
16:45:45,verpressen,Au 1,24.22,-1.380833,25.601,4093.1,4095.830027,gruen,7561
16:45:50,verpressen,Au 1,24.22,-1.4775,25.697,4113.02,4113.018052,gruen,7561
16:45:56,verpressen,Au 1,24.22,2.42,21.8,4104.03,4104.619358,gruen,7561
16:46:00,verpressen,Au 1,24.22,4.434167,19.786,,2152.216025,keine,7561
16:46:06,verpressen,Au 1,22.27,-0.929167,23.199,4814.02,4985.114978,gelb,756
16:46:11,verpressen,Au 1,22.27,-1.264167,23.534,4349.55,4316.735206,gruen,7561
16:46:15,verpressen,Au 1,22.27,-1.264167,23.534,,4174.543367,gelb,7561
16:46:20,verpressen,Au 1,22.27,-1.264167,23.534,4162.43,4162.042985,gruen,7561
16:46:26,verpressen,Au 1,22.27,-1.264167,23.534,4153.84,4153.448973,gelb,7561
16:46:30,verpressen,Au 1,22.27,-3.11,25.38,4173.18,4173.176138,gruen,7561
16:46:36,verpressen,Au 1,22.27,4.565,17.705,4193.49,4193.489257,gelb,7561
16:46:41,verpressen,Au 1,21.53,0.675,20.855,,1802.791299,keine,7561
16:46:45,verpressen,Au 1,20.25,-1.018333,21.268,,4159.308527,gelb,7561
16:46:50,verpressen,Au 1,20.25,-1.063333,21.313,,4314.391385,gelb,7561
16:46:55,verpressen,Au 1,20.25,-1.26,21.51,,4202.278588,gelb,7561
16:47:00,verpressen,Au 1,20.25,-1.26,21.51,4192.12,4192.512665,gruen,7561
16:47:06,verpressen,Au 1,20.25,-0.321667,20.572,,4191.145436,gelb,7561
16:47:10,verpressen,Au 1,20.25,4.455,15.795,4198.76,4198.762856,gruen,7561
16:47:15,verpressen,Au 1,19.28,0.3375,18.943,,1794.197287,keine,7561
16:47:21,verpressen,Au 1,18.27,-1.1425,19.413,4537.64,4484.904401,gelb,7561
16:47:25,verpressen,Au 1,18.27,-1.560833,19.831,4157.94,4157.941298,gruen,7561
16:47:31,verpressen,Au 1,18.27,-1.6025,19.872,4128.25,4128.252892,gelb,7561
16:47:36,verpressen,Au 1,18.27,0.911667,17.358,4134.7,4133.917127,gruen,7561
16:47:40,verpressen,Au 1,18.27,4.415833,13.854,,4155.206839,gelb,7561
16:47:46,verpressen,Au 1,17.3,-0.62,17.92,,1799.080248,keine,7561
16:47:50,verpressen,Au 1,16.34,-0.9,17.24,,4505.022202,gelb,7561
16:47:56,verpressen,Au 1,16.34,-1.229167,17.569,,4118.877606,gelb,7561
16:48:00,verpressen,Au 1,16.34,-1.229167,17.569,4110.67,4107.549135,gruen,7561
16:48:00,verpressen,Au 1,16.34,-1.229167,17.569,4110.67,4107.549135,gruen,7561
16:48:00,verpressen,Au 1,16.34,-1.229167,17.569,4110.67,4107.549135,gruen,7561
16:48:00,verpressen,Au 1,16.34,-1.229167,17.569,4110.67,4107.549135,gruen,7561
16:48:51,verpressen,Au 1,12.82,-0.534167,13.354,,1700.835063,keine,7561
16:48:55,verpressen,Au 1,12.37,-1.011667,13.382,4490.96,4512.248985,gruen,7561
16:49:00,verpressen,Au 1,12.37,-1.351667,13.722,4185.48,4175.519959,gruen,7561
16:49:06,verpressen,Au 1,12.37,-1.351667,13.722,,4153.83961,gelb,7561
16:49:10,verpressen,Au 1,12.37,-2.091667,14.462,4155.79,4154.230247,gruen,7561
16:49:15,verpressen,Au 1,12.37,3.5275,8.842,4149.93,4147.784738,gruen,7561
16:49:21,verpressen,Au 1,12.11,3.211667,8.898,,1808.650853,keine,7561
16:49:25,verpressen,Au 1,10.44,-0.466667,10.907,,1700.835063,keine,7561
16:49:31,verpressen,Au 1,10.32,-1.3375,11.658,4512.44,4471.622745,gelb,7561
16:49:35,verpressen,Au 1,10.32,-1.430833,11.751,4175.13,4177.863781,gruen,7561
16:49:41,verpressen,Au 1,10.32,-1.499167,11.819,,4169.07445,gelb,7561
16:49:46,verpressen,Au 1,10.32,1.883333,8.437,4178.45,4178.449736,gruen,756
16:49:50,verpressen,Au 1,10.32,4.429167,5.891,,2369.996109,keine,7561
16:49:56,verpressen,Au 1,8.38,-0.935833,9.316,4180.4,4180.402921,gruen,7561
16:50:01,verpressen,Au 1,8.38,-1.295833,9.676,,4243.100146,gelb,7561
16:50:05,verpressen,Au 1,8.38,-1.295833,9.676,4049.15,4049.539552,gelb,7561
16:50:11,verpressen,Au 1,8.38,-1.295833,9.676,,4033.914075,gelb,7561
16:50:16,verpressen,Au 1,8.38,-2.973333,11.353,4037.43,4046.02382,gelb,7561
16:50:20,verpressen,Au 1,8.38,3.938333,4.442,,4050.320826,gelb,7561
16:50:26,verpressen,Au 1,8.38,4.566667,3.813,,1942.443999,keine,7561
16:50:30,verpressen,Au 1,6.47,-0.783333,7.253,,1750.836589,keine,7561
16:50:35,verpressen,Au 1,6.44,-1.034167,7.474,,4176.496551,gelb,7561
16:50:41,verpressen,Au 1,6.44,-1.189167,7.629,4060.67,4060.672704,gruen,7561
16:50:44,verpressen,Au 1,6.44,-1.189167,7.629,4055.01,4055.008469,gruen,7561
16:50:50,verpressen,Au 1,6.44,-2.324167,8.764,4056.77,4056.766335,gelb,7561
16:50:56,verpressen,Au 1,6.44,4.598333,1.842,,1891.661199,keine,7561
16:51:00,verpressen,Au 1,4.68,-0.95,5.63,,1763.532289,keine,7561
16:51:06,verpressen,Au 1,4.43,-1.3025,5.732,4407.36,4385.877941,gelb,7561
16:51:07,verpressen,Au 1,4.43,-1.3575,5.787,4341.74,4317.907117,gruen,7561
16:51:16,verpressen,Au 1,4.43,-1.39,5.82,4207.16,4210.091327,gelb,7561
16:51:21,verpressen,Au 1,4.43,-1.45,5.88,4209.9,4208.33346,gruen,7561
16:51:25,verpressen,Au 1,4.43,0.601667,3.828,,4204.62241,gelb,7561
16:51:30,verpressen,Au 1,4.43,4.461667,-0.032,,2209.444334,keine,7561
16:51:36,verpressen,Au 1,2.47,-0.985833,3.456,,1817.440184,keine,7561
16:51:40,verpressen,Au 1,2.45,-1.314167,3.764,,4379.237114,gelb,7561
16:51:46,verpressen,Au 1,2.45,-1.3575,3.808,,4204.036454,gelb,7561
16:51:48,verpressen,Au 1,2.45,-1.3575,3.808,4199.54,4198.372219,gruen,7561
16:51:55,verpressen,Au 1,2.45,-1.3575,3.808,4185.48,4185.481201,gelb,7561
16:52:01,verpressen,Au 1,2.45,1.109167,1.341,4193.29,4193.293939,gelb,7561
16:52:06,verpressen,Au 1,2.45,4.5275,-2.077,4221.03,2276.243248,gruen,7561
16:52:10,verpressen,Au 1,1.25,0.970833,0.279,,1756.305506,keine,7561
16:52:16,verpressen,Au 1,1.16,0.970833,0.189,,1661.576052,keine,756
16:52:21,verpressen,Au 1,1.16,0.970833,0.189,,1640.872295,keine,7561
16:52:25,verpressen,Au 1,1.16,0.970833,0.189,,1633.059557,keine,7561
16:52:31,verpressen,Au 1,0.72,-0.285833,1.006,,1631.497009,keine,7561
16:52:37,verpressen,Au 1,0.71,-0.285833,0.996,,1626.614048,keine,7561
16:52:41,verpressen,Au 1,0.71,-0.285833,0.996,,1628.957869,keine,7561
16:52:45,verpressen,Au 1,0.71,-0.285833,0.996,,1632.66892,keine,7561
16:52:51,verpressen,Au 1,0.71,-0.285833,0.996,,1622.902997,keine,7561
16:52:56,verpressen,Au 1,0.71,-0.285833,0.996,,1616.848125,keine,7561
16:53:00,verpressen,Au 1,0.71,-0.285833,0.996,,1618.605991,keine,7561
16:53:06,verpressen,Au 1,0.71,-0.285833,0.996,,1617.629398,keine,7561
16:53:11,verpressen,Au 1,0.71,-0.285833,0.996,,1619.387265,keine,7561
16:53:16,verpressen,Au 1,0.71,-0.285833,0.996,,1619.387265,keine,7561
16:53:20,verpressen,Au 1,0.71,-0.285833,0.996,,1620.949812,keine,7561
16:53:26,verpressen,Au 1,0.71,-0.285833,0.996,,1617.824717,keine,7561
16:53:30,verpressen,Au 1,0.71,-0.285833,0.996,,1624.856182,keine,7561
16:53:36,verpressen,Au 1,0.71,-0.285833,0.996,,1618.605991,keine,7561
16:53:41,verpressen,Au 1,0.71,-0.285833,0.996,,1618.215354,keine,7561
16:53:46,verpressen,Au 1,0.71,-0.285833,0.996,,1618.410672,keine,7561
16:53:51,verpressen,Au 1,0.71,-0.285833,0.996,,1618.020035,keine,7561
16:53:56,verpressen,Au 1,0.82,0.545833,0.274,,1635.598697,keine,7561
16:54:01,verpressen,Au 1,1.62,2.219167,-0.599,,1626.418729,keine,7561
16:54:04,verpressen,Au 1,1.62,2.219167,-0.599,,1627.200003,keine,7571
16:54:11,verpressen,Au 1,1.62,2.219167,-0.599,,1624.856182,keine,765
16:54:15,verpressen,Au 1,1.62,2.219167,-0.599,,1622.902997,keine,7721
16:54:21,verpressen,Au 1,1.62,2.219167,-0.599,,1625.637455,keine,780
16:54:25,verpressen,Au 1,1.62,2.219167,-0.599,,1624.660863,keine,788
16:54:31,verpressen,Au 1,1.62,2.219167,-0.599,,1621.731086,keine,796
16:54:35,verpressen,Au 1,1.62,2.219167,-0.599,,1625.0515,keine,803
16:54:41,verpressen,Au 1,1.62,2.219167,-0.599,,1624.074908,keine,8111
16:54:46,verpressen,Au 1,1.62,2.219167,-0.599,,1622.707678,keine,8191
16:54:51,verpressen,Au 1,1.62,2.219167,-0.599,,1623.098315,keine,8261
16:54:56,verpressen,Au 1,1.62,2.219167,-0.599,,1622.902997,keine,8351
16:55:01,verpressen,Au 1,1.62,2.219167,-0.599,,1622.902997,keine,8421
16:55:06,verpressen,Au 1,1.62,2.219167,-0.599,,1623.098315,keine,8501
16:55:11,verpressen,Au 1,1.62,2.219167,-0.599,,1623.098315,keine,8571
16:55:14,verpressen,Au 1,1.62,2.219167,-0.599,,1623.879589,keine,8621
16:55:19,verpressen,Au 1,1.62,2.219167,-0.599,,1622.707678,keine,8711
16:55:26,verpressen,Au 1,1.62,2.219167,-0.599,,1623.879589,keine,8821
16:55:32,verpressen,Au 1,1.62,2.219167,-0.599,,1621.926405,keine,8901
16:55:36,verpressen,Au 1,1.62,2.219167,-0.599,,1624.270226,keine,8961
16:55:39,verpressen,Au 1,1.62,2.219167,-0.599,,1621.145131,keine,902
16:55:46,verpressen,Au 1,1.62,2.219167,-0.599,,1621.926405,keine,9111
16:55:50,verpressen,Au 1,1.62,2.219167,-0.599,,1623.293634,keine,9191
16:55:56,verpressen,Au 1,1.62,2.219167,-0.599,,1621.926405,keine,9271
16:56:01,verpressen,Au 1,1.62,2.219167,-0.599,,1619.582583,keine,9351
16:56:06,verpressen,Au 1,1.62,2.219167,-0.599,,1622.902997,keine,943
16:56:11,verpressen,Au 1,1.62,2.219167,-0.599,,1622.121723,keine,9501
16:56:16,verpressen,Au 1,1.52,1.955833,-0.436,,1623.488952,keine,9581
16:56:19,verpressen,Au 1,1.52,1.955833,-0.436,,1620.168538,keine,9651
16:56:26,verpressen,Au 1,0.0,1.955833,-1.956,,1619.387265,keine,9821
16:56:30,verpressen,Au 1,0.0,1.955833,-1.956,,1618.801309,keine,9921
16:56:35,verpressen,Au 1,0.0,1.955833,-1.956,,1620.559175,keine,1002
16:56:40,verpressen,Au 1,0.0,1.955833,-1.956,,1623.098315,keine,1016
16:56:44,verpressen,Au 1,0.0,1.955833,-1.956,,1619.777902,keine,10271
16:56:51,verpressen,Au 1,0.0,1.955833,-1.956,,1622.317042,keine,1044
16:56:56,verpressen,Au 1,0.0,1.955833,-1.956,,1623.684271,keine,1054
16:57:01,verpressen,Au 1,0.0,1.955833,-1.956,,1622.51236,keine,1068
16:57:06,verpressen,Au 1,0.0,1.955833,-1.956,,1623.293634,keine,1070
16:57:11,verpressen,Au 1,0.0,1.955833,-1.956,,1622.317042,keine,1070
16:57:14,verpressen,Au 1,0.0,1.955833,-1.956,,1623.879589,keine,1070
16:57:21,verpressen,Au 1,0.0,1.955833,-1.956,,1621.731086,keine,1070
16:57:27,verpressen,Au 1,0.0,1.955833,-1.956,,1622.902997,keine,1070
16:57:31,verpressen,Au 1,0.0,1.955833,-1.956,,1621.145131,keine,1070
16:57:35,verpressen,Au 1,0.0,1.955833,-1.956,,1621.145131,keine,1070
16:57:41,verpressen,Au 1,0.0,1.955833,-1.956,,1620.754494,keine,1070
16:57:46,verpressen,Au 1,0.0,1.955833,-1.956,,1622.51236,keine,1070
16:57:51,verpressen,Au 1,0.58,-0.0575,0.637,,1619.97322,keine,1070
16:57:56,verpressen,Au 1,0.78,-0.191667,0.972,,1617.824717,keine,1070
16:58:01,verpressen,Au 1,0.78,-0.191667,0.972,,1621.340449,keine,1070
16:58:06,verpressen,Au 1,0.78,-0.191667,0.972,,1622.902997,keine,1070
16:58:10,verpressen,Au 1,0.78,-0.191667,0.972,,1623.293634,keine,1070
16:58:16,verpressen,Au 1,0.78,-0.191667,0.972,,1636.575289,keine,1070
16:58:20,verpressen,Au 1,0.78,-0.191667,0.972,,1637.551881,keine,1070
16:58:26,verpressen,Au 1,0.78,-0.191667,0.972,,1639.114429,keine,1070
16:58:30,verpressen,Au 1,0.78,-0.191667,0.972,,1642.044206,keine,1070
16:58:36,verpressen,Au 1,0.78,-0.191667,0.972,,1637.7472,keine,1070
16:58:41,verpressen,Au 1,0.78,-0.191667,0.972,,1638.723792,keine,1070
16:58:46,verpressen,Au 1,0.78,-0.191667,0.972,,1639.114429,keine,1070
